"click","age","gender","device","browser","time_on_site","pages_visited","ad_position","ad_type","is_weekend","user_logged_in","past_click_rate","ad_relevance_score"
0,50,2,2,1,211,1,3,4,1,1,0.069,7
0,57,1,1,3,251,4,2,3,0,1,0.043,6
1,68,1,1,2,222,2,2,1,0,1,0.073,9
0,30,2,2,1,206,2,1,1,0,1,0.147,4
0,60,2,1,2,183,6,2,3,0,1,0.183,5
0,31,2,1,4,131,2,3,3,0,1,0.186,5
0,23,2,1,3,169,5,2,1,0,0,0.145,1
0,36,2,2,2,196,8,1,4,0,1,0.129,4
0,64,2,2,1,184,2,1,2,0,1,0.093,3
0,63,3,1,2,132,1,2,3,0,1,0.153,3
0,69,2,2,1,79,5,3,3,0,0,0.176,8
0,63,1,2,1,108,3,1,3,0,1,0.109,5
0,44,1,1,1,229,2,3,1,0,1,0.189,9
0,41,2,3,2,132,2,1,2,1,0,0.087,6
1,18,1,2,1,225,4,1,4,1,1,0.093,6
0,67,1,2,2,143,3,3,4,0,0,0.189,5
0,62,1,3,1,187,3,1,4,0,1,0.176,10
0,43,1,1,3,152,3,2,1,1,1,0.106,9
0,63,2,1,2,148,4,2,1,1,0,0.119,8
0,53,2,2,1,308,2,1,2,1,1,0.024,7
1,44,1,1,3,247,3,3,2,1,1,0.189,9
1,36,2,2,1,189,3,2,3,1,0,0.145,4
1,60,2,1,2,140,6,3,1,0,0,0.186,10
0,50,1,2,4,183,8,1,1,0,1,0.046,7
1,67,2,1,1,132,1,1,1,0,1,0.079,10
1,35,1,2,3,92,3,3,2,0,1,0.048,5
1,36,2,2,1,217,3,3,3,0,1,0.104,7
1,55,1,1,1,130,3,3,1,0,0,0.011,7
1,41,3,2,1,156,4,1,1,0,0,0.01,6
1,36,2,1,1,188,6,3,2,0,1,0.139,3
0,36,1,3,1,43,6,3,4,1,0,0.107,2
0,44,2,2,1,158,5,1,4,1,1,0.137,5
1,27,1,1,2,190,2,1,3,0,1,0.175,6
0,65,2,2,4,158,3,3,4,1,0,0.116,8
1,22,1,1,4,214,3,2,4,1,1,0.117,7
0,34,1,2,3,135,4,2,1,1,0,0.029,9
0,23,2,2,1,27,9,1,2,1,0,0.028,6
0,64,2,2,3,99,1,3,3,0,1,0.053,1
0,40,2,1,3,213,5,1,2,1,1,0.177,4
0,31,1,1,5,295,7,1,1,0,1,0.015,3
1,60,1,1,4,143,4,3,4,0,1,0.054,9
1,43,2,2,1,182,3,1,3,0,0,0.068,8
1,35,2,1,4,70,2,2,4,1,0,0.171,9
0,69,1,2,1,201,3,1,4,0,1,0.084,6
0,21,1,1,1,31,2,3,1,0,1,0.143,9
0,25,2,1,1,183,4,2,1,0,1,0.031,4
1,21,2,2,3,156,3,1,4,1,0,0.038,7
0,53,2,2,3,196,6,1,3,0,1,0.068,5
0,32,1,2,1,110,3,3,1,0,1,0.177,9
0,41,1,2,4,75,4,3,1,1,0,0.158,3
1,29,2,2,2,220,2,1,2,0,1,0.105,6
0,62,1,1,1,226,2,3,2,0,1,0.171,2
0,19,1,1,1,274,3,1,4,0,1,0.018,1
0,44,1,2,2,151,5,3,3,0,1,0.197,8
1,22,2,2,1,165,6,1,2,0,1,0.16,4
1,52,3,1,3,155,5,1,3,0,1,0.187,5
1,20,2,2,1,184,3,3,2,0,0,0.125,7
0,23,1,1,1,82,5,2,3,0,1,0.087,9
1,31,2,1,1,85,4,3,1,1,0,0.176,1
0,56,1,2,1,84,6,1,1,0,1,0.013,10
0,52,1,1,2,277,10,1,3,1,1,0.029,3
0,48,2,2,5,228,2,1,3,0,1,0.042,10
0,54,3,1,4,150,6,2,4,0,1,0.17,5
1,24,2,1,2,169,0,1,4,0,1,0.046,10
1,63,1,1,1,264,4,1,1,1,0,0.021,5
1,63,1,3,4,124,2,2,2,0,1,0.129,4
1,59,2,2,2,185,7,1,3,0,1,0.005,8
0,65,2,1,3,116,6,1,1,0,1,0.085,8
0,32,1,2,5,142,2,3,1,0,1,0.107,4
0,35,1,1,2,197,5,2,1,0,1,0.1,1
1,51,1,1,4,201,1,1,3,0,0,0.059,8
1,47,2,1,1,126,1,1,1,0,1,0.095,4
1,55,1,1,1,166,3,2,2,0,1,0.168,2
1,33,2,1,5,128,3,2,1,0,1,0.048,10
1,28,1,1,1,243,3,1,1,1,1,0.012,9
0,42,2,1,1,83,8,1,2,1,0,0.145,6
1,27,2,2,2,171,3,1,1,1,1,0.017,8
0,33,2,1,4,178,2,3,2,1,1,0.049,7
1,60,2,2,3,102,2,1,4,0,0,0.173,7
1,59,2,2,4,257,5,1,4,0,1,0.174,7
1,63,2,2,2,122,1,2,4,0,1,0.19,10
0,60,1,2,2,45,3,2,4,0,0,0.153,2
1,36,1,3,1,245,1,1,3,1,1,0.083,6
0,59,1,1,3,170,3,1,1,0,1,0.131,2
0,30,2,1,1,136,6,1,3,0,1,0.057,1
0,29,2,1,3,207,5,2,3,0,1,0.083,7
1,18,1,2,1,89,5,1,4,1,0,0.113,7
0,53,2,1,1,143,3,1,1,0,0,0.148,10
0,47,2,1,1,100,0,1,1,0,0,0.073,1
1,66,2,1,2,162,5,3,4,0,1,0.081,6
0,64,2,2,1,95,3,2,4,0,1,0.178,3
1,32,2,1,1,102,4,2,2,0,1,0.12,8
0,34,2,2,1,211,5,3,4,0,0,0.123,5
1,56,1,1,2,223,5,3,1,0,1,0.1,7
1,45,2,1,3,204,3,2,4,1,1,0.089,9
0,56,2,2,1,76,4,1,1,1,0,0.177,9
0,30,1,2,1,231,3,3,1,0,0,0.136,4
0,36,1,2,1,227,5,2,1,0,1,0.087,4
0,67,2,2,3,196,7,3,1,0,0,0.184,10
0,61,1,1,1,179,7,3,2,0,1,0.174,4
1,60,2,1,1,305,3,1,1,0,1,0.03,8
0,57,1,1,2,169,1,2,1,1,1,0.161,2
0,46,2,2,2,136,6,1,4,1,1,0.169,3
0,40,1,1,1,232,9,3,3,1,0,0.19,2
0,67,1,1,1,147,10,1,4,0,0,0.183,8
0,55,1,1,1,96,1,1,1,1,1,0.104,10
0,47,2,1,3,100,4,3,3,0,0,0.064,5
0,39,1,2,2,206,6,3,4,0,1,0.063,10
0,46,3,2,4,141,1,1,1,1,0,0.053,8
0,54,1,1,2,120,2,2,2,0,0,0.014,4
0,49,3,2,5,151,5,3,3,0,0,0.181,8
1,55,2,1,1,183,3,1,1,0,0,0.167,9
0,44,1,3,2,256,6,2,2,0,1,0.17,2
0,63,1,1,1,158,7,2,1,1,0,0.095,2
0,69,2,1,1,140,5,2,4,0,1,0.14,2
0,69,2,3,3,127,4,1,1,1,0,0.141,8
1,32,1,2,3,169,1,3,2,1,1,0.133,9
1,30,2,1,4,272,3,3,1,0,1,0.186,3
1,32,1,2,1,215,2,1,1,0,0,0.148,9
0,55,2,2,3,119,6,1,4,1,1,0.068,2
1,29,1,2,3,181,3,3,3,0,1,0.046,4
0,37,2,1,1,147,3,2,1,0,0,0.079,3
0,60,1,1,1,231,7,1,1,0,0,0.108,10
0,64,1,1,1,33,4,2,4,0,1,0.024,3
0,27,1,1,4,247,3,2,4,0,1,0.017,5
0,52,2,2,1,251,2,1,4,0,1,0.048,4
1,60,2,2,1,157,5,2,1,0,1,0.145,10
0,28,1,2,5,108,3,1,3,0,1,0.178,7
0,40,2,2,3,330,1,1,1,0,1,0.045,9
1,41,2,1,2,116,4,2,1,0,1,0.138,9
0,35,1,1,2,109,1,1,2,0,1,0.162,4
1,67,2,3,1,128,4,3,4,0,0,0.074,6
0,23,2,1,2,205,4,2,1,0,0,0.03,1
0,31,2,1,1,245,2,1,3,1,1,0.064,3
0,55,2,1,2,146,3,2,1,1,1,0.061,8
0,50,1,1,1,197,3,1,4,0,0,0.151,9
1,41,2,2,2,261,1,1,1,1,0,0.058,4
1,46,2,2,2,238,1,1,1,0,0,0.06,9
0,66,1,2,3,231,2,1,1,1,0,0.003,7
0,25,1,2,1,164,1,3,2,0,1,0.096,9
1,30,2,1,1,247,7,2,2,0,1,0.17,6
0,28,2,1,3,148,4,3,3,0,0,0.124,5
0,56,1,1,1,259,3,3,4,1,1,0.121,2
0,62,1,1,1,313,2,2,1,0,0,0.09,5
1,26,1,1,3,209,1,1,3,0,1,0.027,6
0,40,1,2,1,109,6,2,3,1,0,0.076,3
0,24,2,2,1,171,7,3,4,0,1,0.146,7
0,37,1,1,3,335,3,3,3,1,1,0.083,4
0,23,1,2,3,186,8,2,2,0,1,0.108,3
0,35,1,1,1,125,7,3,3,1,0,0.134,2
1,21,2,1,3,179,4,3,3,1,1,0.009,3
1,33,2,1,2,176,2,2,4,0,1,0.176,9
0,46,1,1,2,176,4,2,3,0,0,0.121,7
1,54,2,1,4,247,2,3,1,0,1,0.109,10
1,56,1,1,1,244,5,2,3,1,1,0.175,9
0,62,1,3,2,155,10,1,1,0,0,0.142,5
0,70,1,2,1,282,2,3,3,1,1,0.059,3
0,52,1,1,3,252,3,3,3,0,1,0.154,7
0,32,1,1,1,134,4,1,3,1,1,0.129,9
0,51,1,2,2,173,3,2,3,1,1,0.153,4
0,62,1,1,5,149,7,1,3,0,0,0.083,8
1,28,2,1,4,186,3,1,2,0,1,0.194,10
0,24,1,2,1,170,6,1,2,0,0,0.011,1
0,35,1,2,1,145,3,1,3,1,0,0.199,10
0,18,2,1,1,164,1,1,1,0,1,0.1,3
0,58,2,1,1,85,5,2,4,1,0,0.096,4
0,38,1,2,1,76,5,2,1,0,1,0.089,5
0,60,1,1,2,174,3,2,4,0,0,0.113,5
0,58,2,3,1,214,5,2,1,0,1,0.176,5
0,54,2,1,4,106,1,2,2,0,0,0.012,4
0,68,1,2,5,158,6,1,4,1,0,0.042,5
0,20,1,1,1,234,3,2,4,1,0,0.001,1
0,48,1,1,1,156,6,1,4,0,0,0.012,5
0,63,2,1,1,111,5,1,2,0,1,0.089,2
0,24,1,1,5,268,2,3,1,1,1,0.145,1
0,44,3,3,1,100,3,1,1,0,0,0.126,6
0,52,2,1,1,105,4,2,3,0,1,0.189,2
0,52,1,3,2,213,7,2,1,0,0,0.177,3
0,62,1,2,1,240,5,2,1,0,1,0.066,7
0,31,3,1,1,212,9,1,3,0,0,0.168,6
0,26,1,1,1,219,4,2,1,1,0,0.018,1
0,64,1,1,3,235,4,1,2,1,1,0.126,6
0,63,1,2,2,266,2,1,3,0,0,0.069,8
0,55,2,1,1,83,3,3,3,0,1,0.082,3
0,58,2,1,1,102,5,1,2,0,0,0.055,6
0,60,2,1,4,228,2,1,1,1,0,0.167,8
1,19,2,1,1,147,6,2,2,1,0,0.013,10
0,56,1,1,1,243,3,3,1,0,0,0.181,5
0,25,2,1,1,221,2,3,4,0,1,0.017,4
0,61,1,1,1,77,6,3,1,0,1,0.008,4
1,44,2,1,2,153,5,1,2,0,1,0.014,5
0,53,3,2,3,208,7,2,4,0,1,0.01,2
0,19,2,2,2,180,4,1,1,1,0,0.115,3
0,40,2,1,5,198,2,3,3,0,1,0.085,5
1,56,2,1,2,178,4,1,3,0,0,0.136,7
0,21,1,2,1,231,3,3,1,0,0,0.18,8
1,24,2,1,4,263,5,1,1,0,1,0.076,6
1,59,2,2,1,58,5,1,2,0,1,0.166,4
1,23,2,2,1,62,4,3,2,0,1,0.007,5
0,58,1,1,3,185,8,3,1,0,1,0.053,8
1,29,2,1,1,199,5,2,4,0,1,0.068,4
0,39,1,3,1,239,4,2,4,0,0,0.115,10
0,38,1,1,1,194,4,2,4,0,0,0.087,8
0,39,1,1,5,109,6,1,2,0,0,0.151,10
1,33,2,2,2,173,5,3,2,0,1,0.11,9
0,43,1,1,2,207,2,1,1,1,1,0.051,10
0,69,1,1,3,189,4,1,4,0,0,0.021,8
0,44,2,1,1,201,1,1,3,0,0,0.17,9
0,23,2,1,1,132,4,1,1,1,1,0.008,1
0,63,1,2,1,152,3,3,3,0,0,0.177,4
1,25,1,1,1,246,4,2,2,0,1,0.197,7
1,37,2,3,3,180,2,1,1,0,1,0.159,3
0,49,1,1,3,188,1,3,1,1,0,0.172,7
0,46,2,2,3,138,5,2,2,1,0,0.182,7
0,44,2,1,2,210,5,2,4,1,1,0.035,6
0,41,1,1,2,105,1,1,4,0,1,0.048,1
0,36,1,1,3,63,3,2,3,0,0,0.02,1
1,21,1,2,3,119,4,1,3,0,1,0.117,1
0,41,2,2,1,22,2,2,1,1,1,0.013,10
1,33,1,1,1,117,6,1,3,1,1,0.098,6
0,30,2,1,3,104,4,2,2,0,1,0.095,4
0,66,1,1,1,272,3,2,3,0,1,0.164,4
0,53,3,3,2,91,6,3,2,0,1,0.015,1
0,68,3,2,2,260,2,3,1,0,1,0.199,10
0,64,2,2,2,242,2,1,1,1,0,0.14,9
1,48,1,2,4,108,4,2,1,1,1,0.057,10
0,31,2,2,1,115,3,2,1,0,1,0.133,4
1,19,2,1,1,125,8,3,2,0,0,0.152,7
0,48,1,1,3,177,2,3,4,0,1,0.172,2
0,43,2,1,1,194,5,2,2,0,1,0.034,1
0,57,1,2,1,241,1,2,2,0,0,0.092,4
1,43,2,1,4,244,2,3,1,1,0,0.044,6
0,41,1,1,2,200,2,2,1,0,1,0.001,9
1,33,2,1,1,283,2,2,1,1,1,0.086,9
0,44,1,2,3,117,2,2,2,0,1,0.108,5
0,49,2,2,2,29,0,1,3,1,0,0.061,3
0,39,1,1,1,219,2,1,1,0,0,0.057,3
1,32,2,1,4,115,2,2,3,1,1,0.188,10
0,43,1,1,2,159,4,2,2,0,1,0.077,6
0,37,2,1,2,259,8,1,3,0,1,0.127,1
0,29,1,2,1,153,3,2,1,0,0,0.192,3
0,69,2,2,1,239,1,3,3,0,0,0.153,1
0,58,2,1,3,218,3,3,2,0,1,0.085,7
0,34,1,3,1,167,4,1,1,1,1,0.04,10
1,26,2,1,1,189,4,1,4,1,1,0.17,4
0,55,1,2,1,178,5,2,1,0,0,0.147,10
1,50,1,3,5,299,2,1,2,0,1,0.088,9
1,21,2,1,2,145,3,3,2,0,0,0.194,8
0,41,2,2,3,158,3,2,4,0,1,0.102,7
1,57,2,2,1,242,2,1,1,0,1,0.184,10
0,37,2,1,1,95,6,1,2,0,0,0.111,1
1,40,1,1,1,178,2,1,4,0,1,0.06,5
1,32,1,2,1,159,4,2,2,1,1,0.053,5
0,56,1,1,1,163,1,1,1,1,0,0.087,3
0,52,1,1,5,192,2,3,2,0,0,0.007,6
0,47,2,1,1,68,7,1,3,0,0,0.07,6
1,47,2,1,1,169,2,1,4,0,0,0.199,7
0,69,3,1,1,179,5,2,1,0,1,0.103,9
0,25,1,1,1,112,4,2,1,1,0,0.156,7
0,69,1,1,1,309,1,1,1,1,1,0.015,9
0,49,2,1,2,222,2,1,1,0,1,0.003,2
1,25,2,3,1,79,4,3,2,0,1,0.16,8
1,35,1,3,1,282,2,1,4,1,1,0.008,7
0,55,2,2,1,209,5,1,1,1,1,0.003,6
0,51,1,1,1,173,9,3,1,0,1,0.067,10
0,65,1,1,4,210,3,3,1,0,0,0.062,4
0,51,2,1,2,139,2,1,3,1,1,0.002,2
0,49,1,2,1,115,2,1,1,1,1,0.117,10
0,34,1,1,4,129,5,1,1,1,0,0.002,4
1,68,1,1,1,203,5,1,1,1,0,0.133,9
0,69,1,2,1,131,7,2,3,0,1,0.142,2
0,46,1,2,1,176,6,3,2,0,1,0.057,4
0,37,1,3,1,165,2,1,4,1,0,0.17,2
0,24,1,2,5,219,4,1,2,0,0,0.079,2
1,19,2,2,1,125,3,1,1,0,1,0.067,7
0,48,1,1,1,81,4,2,1,0,1,0.135,9
0,56,2,1,3,160,5,1,3,1,1,0.038,1
0,23,2,3,1,223,4,1,1,0,0,0.09,7
1,54,1,3,2,207,5,2,2,1,1,0.012,9
1,27,1,1,1,202,5,1,1,0,1,0.19,6
0,46,2,1,1,145,4,1,1,0,0,0.087,4
0,41,1,2,1,204,7,1,2,0,0,0.063,4
0,43,1,1,3,185,3,2,3,0,1,0.044,1
0,34,1,1,4,267,4,3,3,1,0,0.037,3
0,54,2,3,1,174,5,1,3,1,1,0.084,3
0,56,2,2,1,96,7,2,1,0,1,0.003,6
0,53,2,1,3,182,7,1,3,0,1,0.059,6
1,61,1,2,1,197,2,1,4,0,0,0.087,8
1,68,1,1,1,104,5,1,4,0,1,0.023,9
0,60,2,1,1,92,5,1,4,1,0,0.108,2
0,20,2,1,3,168,5,1,3,1,1,0.153,9
0,47,1,2,5,139,5,2,1,0,1,0.083,3
0,51,2,2,1,253,3,2,3,1,0,0.08,3
0,26,1,1,1,283,4,1,1,1,1,0.168,3
0,52,1,2,1,65,6,1,3,0,1,0.024,6
0,65,1,2,1,177,3,1,1,1,1,0.03,1
0,20,1,1,2,264,4,1,4,1,1,0.071,4
1,20,2,1,5,224,4,1,2,1,0,0.179,10
0,61,2,1,3,87,6,2,1,0,1,0.189,5
1,55,2,1,3,172,1,1,2,0,0,0.096,8
0,50,2,3,3,253,5,2,1,1,1,0.186,3
0,54,1,2,2,37,2,2,2,0,1,0.169,1
1,63,2,1,1,92,5,1,4,0,1,0.043,10
0,54,3,2,1,167,2,2,1,0,0,0.137,1
0,35,2,2,4,146,5,3,3,1,1,0.014,2
1,60,2,1,1,141,6,3,2,0,1,0.078,9
1,69,2,1,1,191,9,2,4,1,1,0.126,6
1,22,2,1,1,172,9,2,2,0,1,0.076,3
0,50,1,1,1,200,5,2,4,0,1,0.081,8
0,63,1,1,2,245,5,3,1,0,1,0.169,2
0,35,1,1,2,212,5,1,2,1,1,0.109,2
1,31,2,1,3,292,5,1,3,1,1,0.134,9
0,55,1,1,3,317,2,1,1,1,1,0.134,2
0,40,2,1,1,188,5,1,2,1,1,0.084,4
1,38,1,1,2,173,5,3,4,0,1,0.022,10
0,52,2,3,1,193,6,2,1,0,1,0.036,10
0,56,1,1,3,186,7,1,2,0,1,0.022,2
1,56,2,1,1,148,5,1,1,0,0,0.077,9
1,42,3,1,2,-9,4,1,1,0,0,0.135,10
1,38,2,1,5,267,4,1,3,0,0,0.194,10
0,58,1,3,5,164,1,3,1,0,1,0.175,4
0,57,2,1,1,12,1,2,2,1,0,0.032,6
0,25,2,1,2,166,8,1,3,0,1,0.145,7
0,67,1,1,3,261,3,2,4,0,1,0.029,1
1,27,2,1,4,130,5,1,1,1,1,0.135,10
0,24,1,3,4,164,5,2,2,0,0,0.148,6
0,45,1,1,2,303,6,1,1,0,1,0.117,6
1,39,2,1,2,152,8,1,2,1,1,0.192,9
0,63,2,1,3,107,4,1,4,0,0,0.099,9
0,31,1,1,1,163,2,3,4,0,1,0.123,8
0,60,1,2,4,212,2,1,4,0,1,0.064,9
0,36,1,2,3,177,3,2,3,0,0,0.056,5
0,34,1,2,1,156,4,2,2,0,1,0.091,9
1,31,1,1,1,176,3,1,4,0,0,0.092,10
0,42,2,2,1,147,2,1,1,1,0,0.088,2
0,32,2,1,5,254,5,1,3,1,1,0.11,8
0,38,2,1,2,184,3,1,1,0,1,0.142,2
0,23,2,1,5,224,4,1,3,0,1,0.194,1
1,69,2,1,1,271,4,1,3,1,0,0.06,9
0,21,2,1,1,233,5,2,4,0,1,0.069,3
1,64,1,2,3,200,7,3,3,1,1,0.149,8
0,64,2,1,1,87,6,2,1,1,1,0.127,4
0,68,2,3,2,202,9,1,2,0,1,0.189,3
0,64,1,1,3,192,3,2,1,0,1,0.062,6
0,53,1,1,2,152,1,3,4,0,0,0.167,1
0,39,1,1,1,106,4,1,1,1,0,0.183,9
0,64,2,2,1,238,3,2,2,0,0,0.039,5
0,33,1,1,1,273,7,1,1,0,1,0.088,5
1,51,2,1,2,222,7,3,1,0,0,0.063,4
0,56,1,1,1,226,3,1,1,0,1,0.02,1
0,33,2,1,1,205,2,1,4,1,1,0.015,2
0,62,2,3,1,256,9,1,4,1,1,0.097,4
0,60,1,1,1,197,6,1,1,0,1,0.191,3
0,24,1,3,2,202,3,1,1,0,0,0.183,8
0,43,1,1,3,96,5,3,1,0,1,0.095,9
0,23,1,1,2,259,2,1,1,0,1,0.082,2
1,62,1,2,1,266,4,2,4,1,1,0.152,9
0,67,2,1,3,181,4,1,1,0,1,0.122,2
1,18,2,1,5,172,7,1,4,1,0,0.012,9
0,62,1,2,2,293,9,2,3,0,0,0.029,10
1,56,1,1,3,255,4,1,1,0,1,0.026,9
0,29,1,1,1,130,7,2,1,0,1,0.084,6
1,36,2,1,5,146,4,2,3,1,1,0.008,10
0,68,2,2,1,139,2,1,1,0,1,0.002,5
0,68,1,1,1,234,3,1,1,0,1,0.105,10
0,48,2,1,1,264,4,1,3,1,0,0.185,3
0,26,1,2,1,107,2,2,1,1,1,0.155,8
1,50,2,1,1,117,4,1,3,1,0,0.095,8
0,50,3,1,1,186,4,1,1,0,0,0.006,5
0,68,2,1,3,233,3,1,1,0,0,0.138,7
0,52,2,1,2,68,4,3,4,1,1,0.002,8
1,31,3,1,1,307,2,2,3,1,1,0.191,7
1,24,2,1,3,225,3,3,4,1,1,0.102,10
0,63,1,2,4,145,8,3,3,0,1,0.116,2
0,41,3,2,1,186,5,1,4,0,1,0.056,8
0,62,1,2,1,113,3,2,2,0,1,0.147,9
0,36,2,1,1,188,6,3,1,0,1,0.055,2
0,40,1,3,1,151,2,1,1,0,1,0.057,3
1,66,1,1,4,177,6,1,1,0,1,0.012,9
1,51,2,3,2,198,2,1,4,0,1,0.087,10
1,59,1,3,1,299,7,1,1,0,1,0.027,9
1,46,2,2,1,296,6,3,3,1,1,0.138,1
0,69,2,1,1,302,3,3,2,0,0,0.009,7
0,29,2,1,1,173,8,2,2,1,0,0.087,4
1,47,2,3,1,175,2,1,1,0,1,0.18,1
0,35,1,2,1,226,7,2,3,0,1,0.014,1
0,41,1,1,5,109,2,1,3,1,1,0.021,8
0,50,1,2,2,105,4,1,3,1,0,0.084,1
1,66,1,2,1,127,7,2,3,0,1,0.087,7
0,63,1,1,1,55,4,1,2,0,0,0.163,7
1,66,2,2,1,239,2,2,1,1,1,0.114,4
0,38,2,1,3,155,5,2,3,0,1,0.072,6
0,47,2,2,4,192,4,3,2,1,0,0.099,9
0,19,1,1,1,304,2,2,1,1,0,0.053,8
1,40,1,1,2,213,3,2,1,0,0,0.027,9
0,64,2,1,1,152,4,1,2,0,1,0.039,2
0,57,2,3,2,213,3,1,1,0,1,0.138,5
0,26,1,1,4,173,1,2,1,1,1,0.141,10
1,33,1,2,2,119,2,3,1,0,0,0.14,10
1,19,1,1,1,71,5,2,4,0,1,0.099,6
0,46,2,1,3,93,6,3,1,0,0,0.163,2
0,56,2,2,5,169,3,1,4,0,0,0.03,4
1,51,1,3,1,185,5,3,4,0,1,0.082,4
0,66,1,2,3,201,4,1,4,1,0,0.074,4
1,65,2,1,4,151,5,2,1,1,1,0.182,10
1,43,2,1,2,100,3,1,2,0,0,0.024,2
1,64,1,2,2,200,2,1,4,1,1,0.114,6
1,44,2,1,1,137,4,2,2,0,1,0.156,7
0,22,2,1,1,158,7,1,1,0,0,0.107,9
0,22,1,2,1,176,7,1,2,0,1,0.087,6
0,54,3,3,1,264,8,1,4,0,0,0.155,4
1,22,2,1,2,224,4,3,2,1,0,0.051,8
0,27,1,2,1,224,9,1,4,0,0,0.059,3
1,30,1,1,1,131,3,3,3,0,1,0.027,3
0,39,2,1,3,135,3,1,4,0,1,0.169,2
0,31,2,1,2,158,4,2,2,1,0,0.016,4
0,19,1,1,1,126,3,1,1,0,1,0.046,9
1,20,1,2,1,241,9,1,1,0,0,0.071,10
1,33,2,2,1,270,6,1,4,0,0,0.108,8
0,44,1,3,2,160,6,2,4,0,0,0.052,5
0,32,2,1,3,71,6,2,2,0,0,0.132,2
0,55,1,1,1,237,3,2,3,0,1,0.042,7
0,35,2,1,1,246,10,3,2,1,0,0.012,7
0,34,2,2,2,171,3,2,3,1,0,0.2,5
1,24,1,1,1,140,3,1,2,0,0,0.027,8
0,63,1,1,1,147,3,2,1,1,1,0.09,7
1,20,2,1,4,249,3,3,2,0,0,0.11,10
0,23,1,2,1,226,7,1,1,0,0,0.113,1
0,24,1,1,1,211,0,1,1,0,1,0.01,10
0,61,1,2,2,117,3,1,3,0,1,0.077,5
0,45,2,1,5,242,2,2,3,0,1,0.044,6
0,39,2,2,4,277,4,2,1,1,1,0.067,1
1,64,1,2,2,86,4,2,4,0,1,0.187,10
0,69,2,2,4,188,3,1,1,1,0,0.028,1
0,58,1,2,1,227,4,2,3,1,1,0.143,9
1,39,2,1,2,268,3,1,1,0,1,0.142,7
0,57,1,1,1,209,5,1,4,1,1,0.067,5
0,66,1,2,5,259,2,2,1,0,1,0.071,7
0,69,1,1,4,177,4,2,4,0,0,0.199,8
1,33,1,2,1,267,4,1,1,0,1,0.19,10
0,49,2,3,2,214,6,3,1,0,0,0.166,10
0,52,1,1,1,324,5,3,3,0,0,0.011,2
0,47,3,1,1,174,4,2,1,0,1,0.01,5
0,42,3,1,1,132,5,1,3,0,1,0.028,3
1,67,2,2,2,197,4,2,3,0,1,0.136,8
1,43,3,1,1,140,2,1,4,0,1,0.01,6
0,56,1,1,1,190,5,1,4,1,0,0.197,7
0,32,1,2,1,130,4,3,4,0,1,0.037,5
1,58,2,1,3,233,3,2,1,0,1,0.019,3
1,27,2,1,1,185,3,1,4,0,0,0.042,10
0,57,2,2,1,87,3,3,3,1,0,0.004,6
0,25,1,2,1,122,6,1,3,0,0,0.169,3
0,19,1,3,1,96,4,1,4,1,1,0.172,4
0,32,2,1,2,144,3,2,2,0,1,0.135,9
0,50,1,1,2,204,2,3,1,0,0,0.035,2
1,45,1,1,2,242,3,1,3,0,1,0.134,7
0,48,2,1,2,151,6,1,3,0,1,0.081,5
0,62,1,1,3,135,2,1,4,0,1,0.128,1
0,26,1,1,1,222,4,2,1,0,1,0.017,2
0,55,2,1,1,157,2,2,1,1,0,0.067,7
0,23,2,2,4,222,2,2,1,0,1,0.056,4
0,65,2,1,2,155,1,1,1,1,0,0.002,9
0,32,1,1,2,138,4,1,1,0,0,0.022,10
1,43,1,2,4,237,5,1,4,0,1,0.043,6
1,23,2,1,2,269,3,1,1,0,1,0.099,9
1,37,1,2,5,244,3,1,4,1,1,0.166,7
0,63,1,1,1,184,6,1,1,0,1,0.108,10
0,60,2,3,1,153,2,1,2,0,1,0.109,4
1,24,1,3,1,249,4,1,2,0,1,0.02,3
0,66,2,3,1,196,4,1,3,0,0,0.052,7
1,58,1,2,1,222,6,1,3,1,1,0.199,10
0,51,2,1,1,144,6,2,2,0,0,0.097,9
1,29,1,1,1,143,8,1,3,0,0,0.03,9
0,37,2,1,1,133,0,1,3,0,1,0.139,6
0,40,2,2,1,121,5,2,1,0,1,0.077,4
0,34,2,3,1,201,4,3,1,0,0,0.015,2
0,69,2,2,1,206,8,1,2,0,0,0.034,1
1,70,1,1,1,166,4,1,1,1,0,0.054,4
0,31,1,1,1,139,4,2,1,0,1,0.063,8
0,42,1,3,2,142,7,1,1,0,0,0.185,9
0,41,2,1,1,182,2,1,1,0,0,0.168,10
0,37,1,2,5,211,6,3,1,0,0,0.019,10
0,47,2,1,2,79,5,1,3,1,0,0.064,6
0,28,1,1,4,119,5,2,1,0,0,0.075,5
0,31,2,1,2,226,2,2,4,0,0,0.108,2
0,61,1,1,1,187,3,2,2,1,0,0.059,7
0,57,1,2,2,221,2,2,1,0,1,0.02,5
0,33,2,2,1,135,10,1,4,0,0,0.199,5
1,68,2,3,1,177,7,3,1,0,1,0.19,7
0,65,1,2,3,176,4,2,3,0,0,0.093,7
0,28,1,1,4,270,5,1,2,1,0,0.192,2
0,56,2,1,4,181,8,1,1,0,1,0.185,5
1,25,1,1,5,159,3,2,1,0,0,0.03,6
0,67,2,1,2,154,4,2,3,1,0,0.071,7
0,67,2,3,1,197,4,3,3,1,1,0.006,9
0,44,2,2,1,228,7,1,1,0,1,0.119,3
0,27,1,1,2,144,4,1,4,0,0,0.075,6
0,32,1,2,5,111,2,2,3,0,0,0.183,1
0,56,2,2,4,148,8,1,2,1,1,0.033,1
1,41,2,2,2,194,2,1,3,0,1,0.121,8
0,24,1,2,1,199,6,1,3,0,0,0.059,7
0,53,2,1,4,198,3,2,1,0,0,0.008,3
1,21,2,1,1,133,3,1,1,0,1,0.147,5
1,26,2,1,4,123,4,2,2,1,1,0.164,2
1,35,1,1,1,197,4,3,1,0,1,0.016,7
0,53,2,1,2,154,2,1,1,0,1,0.009,9
0,68,1,1,1,143,3,3,2,0,1,0.154,3
1,32,2,1,3,213,4,3,2,0,1,0.072,6
0,64,2,2,1,169,5,2,3,0,1,0.116,2
0,33,1,1,3,170,4,1,2,1,0,0.182,2
0,47,2,2,1,166,1,2,2,0,0,0.116,5
0,28,1,1,5,245,5,3,3,0,0,0.036,3
0,47,1,2,1,153,3,1,3,0,0,0.096,5
0,55,1,1,1,237,4,3,1,1,0,0.132,4
0,32,2,1,2,176,2,1,1,0,0,0.013,2
0,66,1,1,3,219,4,1,4,0,0,0.101,5
1,33,1,1,2,177,6,1,1,0,1,0.157,1
1,40,2,2,1,187,4,1,1,1,0,0.01,5
0,21,1,2,2,113,3,2,1,0,1,0.061,7
0,33,1,1,1,186,3,2,3,0,1,0.103,1
1,39,1,2,1,308,6,3,4,1,0,0.034,10
1,35,1,1,3,209,2,1,1,0,0,0.011,9
1,31,1,1,5,188,7,2,2,0,1,0.022,1
0,30,2,2,1,156,0,3,1,0,1,0.166,9
1,38,2,1,4,192,5,1,1,0,1,0.179,2
0,57,2,1,1,251,2,1,2,1,1,0.057,6
1,27,2,2,1,152,0,1,1,0,1,0.186,10
1,23,2,1,1,191,1,2,3,1,0,0.148,5
0,45,2,1,5,195,5,3,1,0,1,0.126,2
0,27,1,1,4,226,4,1,1,1,1,0.088,5
0,54,2,2,1,148,0,2,1,0,1,0.141,1
0,62,1,2,1,305,3,1,1,0,0,0.036,2
0,35,1,1,2,153,4,2,3,0,1,0.123,1
0,44,3,1,3,139,5,3,1,0,0,0.098,9
1,40,1,2,3,200,7,2,4,0,1,0.063,9
1,45,1,1,1,152,4,1,3,1,0,0.161,10
0,43,1,1,1,146,3,2,4,0,1,0.018,5
0,28,1,3,3,306,4,2,4,1,1,0.187,2
0,40,2,1,1,318,2,2,4,0,1,0.056,1
0,68,1,1,1,237,4,1,1,0,1,0.054,5
0,69,1,1,1,200,5,2,1,0,1,0.059,9
0,50,2,1,1,275,3,1,1,1,1,0.136,4
0,24,2,1,4,181,2,1,3,1,1,0.17,2
0,26,2,1,4,194,5,1,4,0,0,0.121,1
0,48,2,2,1,289,6,2,1,0,1,0.054,2
0,31,1,2,2,137,3,3,2,0,0,0.198,5
1,32,2,2,5,223,6,1,2,0,0,0.196,7
0,40,1,1,2,107,4,3,4,0,1,0.025,3
1,63,2,1,1,214,4,1,4,0,1,0.178,9
0,44,2,2,1,216,5,3,4,1,1,0.049,9
1,32,2,3,1,151,4,1,2,1,1,0.029,7
0,20,1,1,3,127,4,2,3,0,1,0.037,8
0,47,1,1,1,150,6,1,1,0,1,0.079,3
0,57,2,2,5,285,8,1,4,0,1,0.007,7
0,68,1,2,1,64,5,2,2,0,0,0.104,10
0,21,1,1,1,159,3,1,4,0,0,0.008,7
1,44,1,1,1,235,2,1,3,0,1,0.165,6
0,47,1,1,1,299,4,1,4,0,1,0.107,2
0,68,2,1,2,205,7,3,3,0,1,0.065,7
0,58,1,1,1,173,4,1,4,1,1,0.03,6
1,34,1,2,1,184,5,1,4,1,1,0.062,10
0,70,1,2,2,203,5,1,1,0,1,0.186,3
0,61,1,2,3,106,6,1,1,1,0,0.108,2
1,58,1,1,2,151,2,1,1,0,0,0.197,6
0,70,2,1,2,202,2,2,4,0,1,0.166,1
1,43,2,2,5,157,2,1,2,0,1,0.186,4
0,32,1,2,1,225,7,2,3,1,1,0.191,2
1,32,2,1,1,200,6,2,1,1,0,0.126,6
1,43,2,2,1,230,0,1,4,0,0,0.107,3
0,56,3,1,1,172,4,2,1,0,0,0.148,8
0,45,2,2,1,224,6,2,1,0,0,0.099,10
1,55,2,1,4,145,5,1,4,0,0,0.13,4
0,64,2,1,1,131,3,3,1,1,0,0.198,6
1,58,1,1,3,181,5,1,1,0,1,0.11,7
1,21,1,1,3,119,3,1,4,0,1,0.1,7
0,31,1,1,1,192,1,2,3,0,1,0.069,10
0,46,2,2,5,109,6,1,3,1,1,0.092,7
1,33,2,2,1,254,3,2,3,0,0,0.102,9
1,32,2,2,3,221,4,3,3,0,1,0.194,9
1,35,2,1,1,319,3,3,1,1,0,0.005,5
0,43,1,2,1,216,1,1,3,0,1,0.111,7
0,19,2,2,1,181,1,2,1,0,1,0.166,10
0,67,1,1,4,108,8,1,4,0,1,0.125,5
0,47,2,1,2,219,1,2,4,1,1,0.091,5
0,36,2,1,1,287,3,3,3,1,0,0.058,3
0,50,2,1,1,139,6,1,1,0,1,0.108,10
1,42,1,2,4,184,2,1,3,1,1,0.031,8
1,45,1,3,2,145,5,1,2,1,1,0,4
0,51,1,1,1,145,6,1,3,0,1,0.129,4
0,43,1,1,5,331,5,1,1,0,1,0.076,4
0,48,1,2,5,152,4,2,3,0,1,0.01,3
1,64,1,1,1,56,5,1,4,0,0,0.173,4
0,47,3,2,1,150,4,3,2,0,1,0.111,9
1,58,3,1,3,199,3,3,3,0,0,0.136,6
0,58,2,1,1,138,1,1,2,0,0,0.091,3
0,51,3,1,1,92,3,1,4,0,0,0.141,10
0,65,1,2,4,158,2,2,3,0,1,0.002,4
0,65,1,2,4,106,7,2,4,1,1,0.17,1
1,19,2,1,2,240,2,1,1,1,0,0.17,6
0,19,1,1,3,117,3,2,3,0,1,0.193,3
1,34,1,1,3,295,2,1,1,0,1,0.094,6
0,25,2,1,2,193,6,2,4,1,0,0.033,5
0,28,2,1,4,153,5,1,4,0,0,0.135,9
0,41,2,2,3,82,3,3,2,0,0,0.199,2
0,24,2,1,5,151,6,3,1,0,0,0.174,1
0,34,2,1,1,107,4,1,3,0,1,0.097,7
0,38,1,1,1,17,5,3,1,0,0,0.011,10
0,52,1,1,1,236,2,3,2,0,1,0.113,7
1,29,3,1,1,128,1,3,1,0,0,0.198,7
0,40,1,1,4,111,3,1,4,0,1,0.118,5
1,26,1,1,5,125,3,3,4,1,1,0.084,5
1,50,2,1,3,191,4,2,2,1,1,0.047,2
0,40,1,2,2,179,4,1,2,1,1,0.172,5
1,67,1,1,1,156,4,1,2,1,1,0.087,9
0,54,2,1,3,260,4,3,2,1,0,0.092,5
0,61,2,1,1,217,5,1,2,1,0,0.12,6
0,51,1,2,3,191,8,1,2,0,1,0.011,5
1,18,2,2,1,178,3,1,3,1,1,0.162,6
1,47,2,1,3,197,2,3,1,1,1,0.13,9
0,60,1,2,1,178,5,3,1,0,1,0.083,8
0,61,2,1,4,122,7,1,1,0,1,0.171,10
1,46,1,1,3,108,5,2,3,1,1,0.199,10
0,30,2,1,1,196,6,2,3,0,1,0.011,5
0,53,1,3,2,195,4,2,2,0,0,0.053,9
0,25,2,1,1,83,5,1,1,1,1,0.193,3
0,38,2,1,4,141,9,2,2,0,0,0.057,3
1,28,2,1,1,197,4,2,3,0,1,0.055,9
0,52,2,1,1,228,3,2,3,1,1,0.019,10
1,56,2,1,2,263,4,3,1,0,1,0.17,9
0,34,1,1,3,242,1,1,3,0,0,0.045,1
0,22,1,3,1,190,2,1,4,1,0,0.076,1
1,49,2,1,2,137,6,1,3,0,0,0.195,8
0,42,1,2,3,279,2,2,1,1,1,0.094,1
0,44,2,2,3,229,4,2,4,0,0,0.173,7
0,61,1,1,3,48,5,1,3,0,1,0.094,10
0,67,1,1,1,184,2,1,4,0,1,0.13,3
0,53,1,1,2,139,5,1,3,0,1,0.086,3
0,43,1,1,3,139,4,1,1,0,0,0.108,1
0,49,2,2,1,186,3,2,3,0,1,0.087,5
1,35,1,2,3,247,5,1,1,1,0,0.067,4
0,44,1,1,1,123,3,2,2,0,1,0.007,6
0,23,1,1,1,223,9,2,1,0,1,0.068,4
0,43,1,1,4,177,5,1,2,0,1,0.069,3
1,49,2,1,1,70,5,2,1,1,0,0.156,8
0,68,2,1,2,80,1,1,3,0,0,0.076,4
1,31,2,1,1,251,5,2,2,1,1,0.152,5
0,42,1,1,1,90,5,2,3,0,1,0.068,8
1,34,1,3,2,226,3,2,1,0,0,0.155,2
0,57,1,2,1,228,7,2,4,0,1,0.038,3
0,42,1,1,1,131,5,1,1,0,0,0.143,1
0,42,1,1,1,133,4,2,2,1,1,0.086,5
1,48,2,2,1,188,5,1,1,0,0,0.114,9
1,40,1,1,2,168,4,3,4,0,1,0.141,4
1,45,1,2,1,157,0,1,1,1,1,0.124,6
0,56,1,1,3,135,5,3,1,1,0,0.081,9
0,52,2,2,1,174,4,1,2,0,0,0.081,5
0,29,2,1,1,188,2,3,1,1,1,0.085,3
1,59,2,2,2,93,1,1,4,1,0,0.177,5
0,30,1,1,1,75,5,1,1,0,1,0.07,5
0,63,1,1,1,234,3,2,1,0,0,0,2
0,35,1,1,2,177,4,2,1,0,1,0.031,5
1,19,2,1,1,109,6,1,4,0,1,0.14,1
1,30,2,1,1,170,5,1,3,0,1,0.061,4
0,55,2,1,3,182,4,3,1,0,1,0.041,10
1,40,1,2,1,257,5,1,3,0,0,0.191,8
0,67,2,1,2,170,4,3,4,0,0,0.016,1
0,28,1,2,1,189,4,1,1,0,0,0.072,8
0,32,1,1,1,109,5,1,4,0,0,0.108,10
0,56,2,1,4,176,4,2,4,0,0,0.044,9
0,53,1,1,1,232,3,2,4,0,1,0.15,1
0,63,1,3,1,264,2,1,1,0,0,0.181,3
0,67,2,3,1,116,2,1,4,0,1,0.144,2
0,59,2,1,1,237,6,1,1,1,1,0.163,2
0,34,2,2,1,164,3,1,4,0,0,0.115,2
1,40,2,1,2,140,4,1,1,0,0,0.126,7
0,23,2,1,3,202,3,1,1,0,0,0.012,10
0,29,2,1,1,139,5,1,1,0,0,0.086,8
0,24,1,1,3,77,3,1,4,0,0,0.087,8
1,70,2,1,1,101,2,2,2,0,0,0.051,7
1,65,2,1,2,97,3,1,2,0,1,0.141,10
0,42,1,3,1,248,3,2,2,0,1,0.098,3
1,59,2,1,1,126,4,1,3,0,1,0.195,10
0,54,1,1,2,208,6,2,4,0,0,0.001,5
1,35,2,1,5,169,5,1,2,0,1,0.193,9
0,61,2,1,3,156,10,3,4,1,1,0.149,2
0,61,1,2,1,257,0,3,1,0,1,0.17,7
0,22,2,2,1,166,6,2,1,1,0,0.093,4
0,65,2,1,3,219,7,2,2,0,0,0.093,1
1,65,1,1,1,234,6,2,3,0,0,0.12,9
1,36,2,1,1,180,4,1,2,0,1,0.075,5
0,18,1,2,1,99,2,3,1,0,1,0.16,7
0,55,1,2,1,218,8,2,1,1,0,0.106,9
1,26,2,2,1,190,1,1,3,0,0,0.042,10
1,60,2,1,1,254,1,2,2,1,1,0.181,7
0,45,2,1,3,134,4,3,1,0,0,0.199,9
0,61,1,3,2,169,2,2,1,0,1,0.067,7
0,55,2,1,1,220,1,3,2,0,1,0.027,1
0,58,2,1,2,244,6,1,1,1,0,0.153,7
1,28,1,2,1,134,1,1,3,1,0,0.189,1
1,42,2,3,1,271,5,1,3,1,1,0.063,9
0,26,2,2,2,151,5,1,2,1,1,0.055,4
0,69,1,1,2,187,1,2,1,1,0,0.145,5
0,59,2,3,5,221,2,3,1,0,0,0.009,10
0,34,3,3,5,146,3,2,1,1,1,0.192,4
0,59,2,2,2,243,5,1,1,0,0,0.096,4
1,38,2,1,1,143,4,1,2,0,1,0.119,9
0,63,2,2,5,187,2,2,1,0,1,0.141,2
0,63,2,1,2,124,2,1,1,0,0,0.112,3
0,46,2,1,1,115,5,1,3,1,1,0.106,1
0,66,2,1,3,95,1,1,1,0,1,0.044,6
0,64,1,2,5,85,4,2,1,0,0,0.127,2
1,40,2,2,1,167,6,2,2,0,1,0.187,8
1,20,2,2,1,39,3,3,1,0,1,0.109,10
1,43,1,1,1,206,1,1,2,1,1,0.158,7
0,70,2,2,3,123,2,1,3,0,1,0.152,6
1,40,1,1,4,219,8,2,2,0,0,0.082,9
0,52,1,1,1,245,7,2,1,1,0,0.071,2
0,26,1,1,1,93,3,2,3,1,0,0.045,7
0,40,2,1,1,191,5,1,1,0,1,0.018,4
0,38,2,1,4,154,5,1,1,0,0,0.179,7
1,40,1,2,1,161,5,2,4,0,1,0.168,4
0,66,1,1,1,219,1,2,2,0,0,0.169,7
1,52,2,1,1,177,6,2,2,0,1,0.035,7
0,51,1,1,3,167,2,1,4,0,0,0.2,6
1,23,1,1,2,245,4,1,4,1,1,0.131,10
1,35,2,1,4,146,2,1,1,1,0,0.02,6
0,38,1,3,1,119,2,2,2,0,1,0.151,2
0,32,2,1,1,99,5,2,2,1,1,0.023,8
0,47,1,1,1,113,6,3,2,1,1,0.019,7
0,52,2,3,2,172,2,2,1,0,1,0.075,6
0,58,1,1,1,188,1,3,2,0,1,0.15,4
1,27,1,1,3,205,5,3,1,0,0,0.183,9
0,50,2,2,1,105,4,2,4,0,0,0.021,9
0,50,1,1,1,272,3,1,1,0,0,0.148,9
0,42,1,3,2,184,2,3,4,1,0,0.012,9
1,20,1,1,1,171,4,1,2,0,1,0.13,6
1,40,2,2,1,270,8,2,4,1,1,0.057,10
1,60,2,1,1,186,2,2,3,0,1,0.126,5
1,65,2,2,1,96,2,2,2,0,1,0.172,7
1,49,2,1,4,195,5,1,2,0,0,0.078,10
0,67,1,1,1,237,5,2,1,0,1,0.192,7
1,47,3,1,4,269,3,1,4,0,1,0.067,4
0,59,2,2,1,146,8,1,1,1,1,0.09,1
0,57,2,1,1,99,2,3,1,1,1,0.101,4
0,63,2,1,4,225,1,2,3,0,1,0.078,4
0,51,2,2,1,130,7,2,2,0,1,0.166,1
0,58,2,2,3,133,3,1,3,0,0,0.196,9
0,50,2,1,1,185,3,1,2,0,1,0.098,6
0,60,1,2,1,209,5,2,3,0,1,0.103,10
1,39,1,2,4,208,4,1,4,0,0,0.186,3
0,39,2,2,3,141,5,2,1,0,1,0.138,2
0,58,1,1,2,133,5,1,4,0,0,0.153,7
0,56,1,1,3,237,6,2,3,0,0,0.034,9
1,45,1,1,2,203,4,2,4,0,0,0.142,9
0,66,1,1,1,286,2,2,2,0,1,0.018,1
0,41,1,2,2,212,5,2,3,0,0,0.046,4
1,66,1,3,5,219,6,1,1,0,1,0.138,8
0,22,1,1,4,189,5,1,4,0,1,0.036,6
0,25,2,1,2,46,6,2,1,0,0,0.197,10
1,35,1,1,2,184,6,1,1,0,1,0.091,9
0,64,1,2,3,233,2,3,1,0,0,0.188,10
0,68,1,2,1,218,1,1,3,0,1,0.039,4
1,21,2,2,1,174,5,2,2,0,0,0.015,8
0,35,3,1,1,112,2,2,3,0,0,0.027,1
0,31,1,1,5,212,3,3,3,0,1,0.063,2
1,24,1,2,3,163,8,2,1,1,1,0.137,10
0,54,1,1,2,149,2,3,3,0,0,0.113,10
0,49,2,1,1,97,1,1,4,0,1,0.154,4
0,55,3,2,1,254,2,2,1,0,1,0.14,7
0,34,1,1,1,184,3,3,1,0,1,0.059,7
0,67,1,1,1,52,2,1,3,0,1,0.046,2
1,59,1,1,5,145,4,1,2,0,1,0.157,10
0,66,2,2,2,251,3,1,1,0,0,0.073,1
0,68,2,2,1,95,5,3,4,1,1,0.055,7
0,50,1,1,1,247,3,3,1,0,0,0.116,2
0,25,3,1,1,145,4,3,2,1,0,0.091,8
1,46,2,1,1,307,8,2,4,0,0,0.092,9
0,19,2,2,2,78,2,1,2,0,0,0.051,7
0,47,1,1,3,206,3,3,1,0,1,0.008,3
0,69,2,2,2,98,5,2,2,1,1,0.059,1
0,69,1,1,4,191,2,1,1,0,1,0.045,2
1,46,1,1,1,178,4,1,1,0,0,0.199,2
0,46,2,1,1,211,2,3,3,0,0,0.129,4
1,39,1,1,1,187,5,1,4,0,0,0.022,5
0,39,2,1,1,186,9,2,3,1,1,0.024,6
0,56,1,3,3,175,2,1,4,0,0,0.08,4
1,28,2,2,1,63,1,3,4,0,1,0.185,7
0,60,1,1,1,94,5,1,3,0,0,0.066,8
0,35,2,3,2,210,5,1,1,0,1,0.111,5
0,19,1,2,1,176,5,3,2,0,1,0.068,10
0,30,1,1,1,171,3,1,4,1,0,0.007,2
0,69,2,2,4,36,0,2,3,1,1,0.052,5
1,28,2,2,1,144,1,2,1,1,1,0.111,8
1,50,2,2,2,133,2,1,3,0,1,0.003,8
0,56,1,1,1,174,5,2,4,0,1,0.153,8
1,34,1,1,1,153,3,3,2,0,1,0.081,9
0,37,1,1,3,207,3,1,1,1,1,0.041,1
1,35,2,1,2,125,5,1,1,0,0,0.158,3
1,58,2,2,1,173,4,2,3,0,1,0.131,6
0,25,1,2,1,229,2,1,3,0,1,0.183,8
0,22,1,3,1,129,8,1,1,0,0,0.092,5
0,37,1,2,5,223,3,3,1,1,1,0.089,9
1,29,1,1,2,254,4,2,1,1,0,0.056,6
0,52,2,1,2,215,8,1,4,0,1,0.056,6
1,65,2,2,2,96,5,1,2,0,1,0.153,10
0,54,1,1,1,328,6,3,3,0,1,0.198,5
1,32,2,1,1,200,1,2,2,0,1,0.131,2
0,69,2,1,1,189,4,1,1,0,0,0.196,4
0,32,2,2,1,105,2,3,1,0,1,0.153,4
1,52,1,1,1,180,2,1,3,0,1,0.094,9
0,63,1,2,3,175,2,3,1,1,0,0.111,9
0,55,2,2,2,147,1,1,4,0,1,0.102,4
0,59,2,1,3,246,3,1,1,0,0,0.15,3
1,29,2,1,4,69,2,2,4,0,1,0.172,8
0,40,1,1,5,188,4,3,3,0,1,0.153,9
0,20,2,2,1,249,5,1,1,0,1,0.035,6
0,34,1,1,2,280,5,1,1,0,1,0.197,5
0,37,1,1,2,216,5,2,2,0,0,0.153,1
0,63,2,1,1,127,3,1,1,0,0,0.018,6
1,55,2,3,2,186,5,2,1,0,1,0.111,6
0,62,1,1,2,270,8,1,2,0,1,0.198,3
0,19,1,1,4,136,3,3,1,0,0,0.121,4
0,44,1,2,1,142,1,2,3,1,1,0.164,2
0,26,2,2,1,148,6,1,1,0,1,0.068,5
0,64,1,1,3,87,7,1,4,0,0,0.2,4
1,43,2,2,1,222,5,1,1,1,1,0.032,5
0,48,1,1,1,224,4,1,4,0,1,0.064,6
0,27,3,1,1,247,4,2,1,1,1,0.04,4
0,45,1,1,2,222,5,2,3,0,1,0.026,6
0,70,1,1,1,190,3,3,1,1,1,0.089,5
0,46,2,2,4,286,4,1,1,1,1,0.084,9
0,45,1,1,3,90,2,2,2,1,1,0.023,7
1,52,2,3,1,158,8,2,4,0,1,0.034,5
0,44,2,2,1,211,4,2,1,0,1,0.15,8
0,27,1,1,1,187,4,1,4,0,0,0.114,5
1,37,2,1,2,97,2,1,1,0,1,0.191,3
0,58,2,1,2,188,5,1,4,1,1,0.139,5
0,31,2,1,1,200,0,3,4,1,1,0.193,6
1,36,2,1,2,212,1,1,1,0,1,0.131,4
0,54,3,1,4,265,3,1,1,0,0,0.079,2
0,31,1,1,1,101,1,1,1,0,0,0.058,1
0,53,2,3,2,275,4,1,1,0,1,0.052,6
0,34,1,1,1,179,2,1,3,1,1,0.145,3
0,51,1,2,4,157,5,2,3,0,0,0.166,3
0,21,1,1,5,142,3,3,1,0,1,0.103,4
0,45,2,1,1,165,4,2,1,1,0,0.097,4
1,45,1,1,3,154,2,3,4,0,1,0.175,3
0,57,1,2,2,183,4,2,3,1,0,0.11,6
0,46,2,1,1,148,7,1,1,0,1,0.085,2
1,52,1,1,2,227,6,1,2,0,0,0.02,8
1,44,1,1,1,174,3,3,1,1,1,0.175,10
0,22,2,1,1,106,5,1,1,0,0,0.014,1
0,22,1,1,2,163,6,1,4,0,0,0.005,1
0,53,2,2,1,239,7,1,1,1,1,0.068,10
0,49,2,2,3,220,5,2,1,1,1,0.126,2
1,38,2,1,4,209,3,2,1,0,1,0.174,9
0,54,2,1,1,215,3,1,1,1,1,0.128,10
0,18,2,1,1,71,3,2,1,0,1,0.193,3
1,27,2,1,1,96,2,1,2,0,0,0.108,6
1,34,2,1,2,113,8,1,1,0,0,0.062,10
0,43,1,3,2,165,4,2,3,0,1,0.131,7
0,70,1,3,3,135,2,1,2,0,1,0.076,7
0,18,1,2,1,186,5,1,2,0,1,0.03,7
0,59,2,2,4,207,7,1,4,0,1,0.078,9
1,26,1,1,1,93,1,2,1,0,1,0.066,8
0,62,2,2,4,113,6,3,2,0,1,0.114,8
1,29,2,2,4,198,3,1,1,1,0,0.049,9
0,19,1,1,1,208,6,1,1,0,1,0.121,2
0,58,2,2,4,130,4,1,4,0,1,0.128,8
0,18,1,1,4,193,7,1,4,0,0,0.048,3
0,54,1,1,1,160,3,1,2,0,0,0.07,2
0,70,1,1,1,206,4,2,1,0,1,0.125,2
0,63,2,1,3,270,6,2,2,1,1,0.098,10
1,37,1,1,1,180,3,3,1,1,1,0.142,1
0,40,2,1,1,152,6,1,2,1,1,0.043,1
0,50,1,1,1,162,9,3,1,1,1,0.041,3
1,66,2,1,1,184,2,1,4,0,1,0.185,2
0,32,1,2,4,164,2,1,4,0,0,0.024,4
0,35,1,1,1,234,4,1,1,0,1,0.135,3
1,66,2,1,2,186,3,1,1,0,1,0.105,5
0,63,3,1,1,176,4,2,1,0,1,0.04,8
0,21,1,3,1,158,2,2,2,0,1,0.089,1
0,66,1,1,2,236,5,2,1,0,1,0.076,2
0,40,1,1,1,218,3,1,1,0,0,0.106,2
0,22,1,2,1,136,6,1,2,1,1,0.155,2
0,34,2,1,4,251,7,1,1,0,1,0.081,10
0,40,2,2,1,184,3,1,1,1,1,0.058,4
0,56,2,1,1,125,3,1,2,0,1,0.081,9
1,34,3,1,1,142,4,1,1,0,0,0.136,7
1,57,2,1,2,157,5,2,2,0,1,0.193,10
0,39,1,3,1,197,0,2,3,0,1,0.159,10
0,64,1,1,1,132,2,1,1,0,1,0.178,4
0,28,1,2,5,215,5,2,3,1,0,0.19,3
1,41,2,3,3,205,3,1,2,0,1,0.128,10
0,44,1,1,4,281,2,1,1,0,1,0.133,1
0,46,1,1,1,227,4,2,3,1,0,0.135,1
0,47,1,2,1,232,4,3,1,0,0,0.018,6
0,20,2,1,2,121,3,1,1,0,0,0.004,5
1,26,2,1,1,217,3,1,1,1,0,0.139,5
1,44,1,1,3,87,5,2,3,1,1,0.023,5
1,37,1,3,2,283,2,1,4,0,1,0.159,2
0,26,2,1,1,240,4,2,4,0,1,0.16,4
0,48,2,1,5,235,2,3,3,0,0,0.035,2
0,52,1,1,1,152,2,1,3,0,1,0.071,6
0,69,1,2,4,279,2,3,4,1,0,0.083,6
0,30,2,1,1,87,3,3,2,0,0,0.123,10
0,38,1,1,1,229,6,2,2,0,1,0.004,5
0,31,2,1,1,226,2,1,3,0,1,0.043,5
0,49,2,1,4,72,7,1,4,0,1,0.199,8
0,31,1,1,1,45,4,2,1,1,0,0.184,8
1,35,1,1,3,196,7,2,1,0,1,0.096,8
1,19,1,1,3,133,3,1,4,0,0,0.069,6
0,59,2,1,1,247,3,3,1,0,1,0.138,2
0,56,1,3,4,147,3,3,3,0,1,0.04,2
0,53,1,1,4,137,2,2,1,0,1,0.14,9
0,66,1,1,1,235,3,3,3,0,0,0.183,1
1,32,2,1,1,138,3,3,2,1,0,0.1,3
1,28,3,1,1,138,2,1,1,0,0,0.17,6
1,70,2,1,2,206,9,1,4,1,1,0.189,7
1,23,1,1,1,185,4,1,4,1,1,0.022,2
1,31,2,1,4,144,3,1,4,0,0,0.058,6
1,55,2,1,4,209,5,2,1,1,1,0.161,9
0,19,2,1,1,246,3,2,1,0,1,0.167,9
0,23,1,2,4,186,4,1,2,0,1,0.069,1
0,62,1,1,4,296,8,3,3,0,1,0.044,4
0,38,2,1,2,192,5,3,4,0,0,0.154,1
0,41,2,1,1,67,3,3,1,0,1,0.15,3
0,57,2,2,3,305,4,1,3,0,1,0.092,4
0,50,1,2,3,149,6,1,4,0,1,0.049,3
0,47,2,1,1,149,4,2,2,0,1,0.13,4
0,62,2,2,1,115,6,1,1,0,1,0.121,7
1,33,2,3,4,174,6,2,1,0,1,0.043,6
0,62,1,1,2,154,4,2,1,0,1,0.178,4
0,64,2,3,3,163,7,3,4,0,1,0.092,2
0,66,3,3,4,138,2,3,1,0,1,0.137,1
0,60,2,1,1,129,3,3,3,0,1,0.023,4
0,46,1,2,3,224,1,2,1,0,0,0.099,1
0,42,2,1,1,218,4,2,3,1,0,0.092,2
1,26,2,2,1,242,5,1,2,0,0,0.199,5
0,51,2,1,1,159,2,3,1,0,1,0.057,5
0,54,2,1,1,159,8,2,2,1,1,0.067,1
1,57,2,1,4,202,2,1,4,0,1,0.11,9
0,63,1,2,2,261,5,3,1,0,1,0.165,3
0,41,1,2,2,235,3,1,1,1,1,0.116,1
1,68,2,3,2,137,6,3,1,1,0,0.059,1
0,36,2,1,4,86,1,3,1,0,1,0.001,2
0,30,1,1,5,82,6,1,1,1,1,0.099,4
0,31,1,1,5,113,2,2,1,1,1,0.049,1
0,37,2,2,1,214,2,2,3,0,0,0.194,9
1,47,2,1,1,189,1,1,4,0,1,0.116,5
0,29,1,1,2,226,6,1,1,0,1,0.045,3
1,53,1,2,2,162,5,1,4,1,0,0.069,9
0,60,1,1,1,108,5,1,4,0,1,0.197,2
0,26,1,1,1,161,2,3,3,0,1,0.135,5
0,30,1,3,1,33,2,1,1,0,0,0.02,1
1,23,2,1,1,210,4,1,1,0,1,0.163,8
0,54,2,2,1,190,0,2,1,0,0,0.072,2
1,33,1,1,1,160,2,1,1,0,1,0.142,9
0,32,1,2,1,235,1,1,1,1,0,0.065,3
1,60,1,1,3,151,4,2,2,1,0,0.12,5
0,34,1,1,1,181,4,2,2,0,0,0.159,8
1,51,1,1,1,149,7,1,1,1,0,0.115,10
0,30,2,1,1,165,5,2,1,0,0,0.002,1
1,47,1,1,2,316,6,1,1,0,1,0.05,7
0,35,2,1,1,184,2,1,3,0,1,0.024,8
1,30,2,1,3,178,2,2,1,0,1,0.179,8
0,28,2,2,1,161,5,1,3,0,1,0.127,3
1,30,2,1,1,186,6,1,4,0,1,0.06,5
1,44,2,2,1,224,3,3,3,0,1,0.158,7
0,28,2,1,1,236,10,2,2,0,1,0.109,2
0,57,1,1,5,106,5,3,2,0,1,0.172,1
0,53,1,1,4,209,3,2,2,0,1,0.119,10
1,51,1,1,1,247,3,2,4,0,1,0.025,8
0,20,2,1,1,232,9,3,1,1,1,0.114,3
0,34,1,2,1,198,5,1,1,0,1,0.166,8
0,51,2,3,4,156,2,1,1,0,0,0.061,8
0,37,2,1,1,175,7,3,4,1,0,0.008,4
1,31,2,2,1,195,4,1,2,0,1,0.145,9
1,46,2,1,1,169,1,2,2,0,0,0.156,5
1,51,3,1,1,127,6,2,4,1,1,0.03,9
0,45,2,1,1,235,7,2,2,1,0,0.127,4
0,69,2,1,1,273,4,1,3,0,1,0.103,4
0,26,2,1,1,167,4,2,2,1,0,0.125,9
0,54,2,1,1,209,3,2,1,1,1,0.085,10
0,32,2,1,2,147,3,2,4,0,0,0.175,2
1,51,2,1,1,166,7,3,1,0,1,0.151,10
0,64,1,2,1,42,4,2,3,0,1,0.009,5
0,41,2,1,1,175,5,2,1,0,0,0.066,1
0,62,2,1,1,110,4,3,4,0,1,0.087,3
0,25,1,2,3,202,5,2,4,1,1,0.023,2
0,56,2,2,3,199,5,2,1,0,0,0.182,3
0,34,2,2,1,121,5,1,1,0,0,0.149,2
1,25,2,1,1,94,5,2,2,0,0,0.196,6
0,44,1,2,4,179,6,2,1,0,1,0.012,9
1,66,1,1,3,179,5,3,4,0,1,0.164,7
0,34,1,1,1,141,10,1,3,0,1,0.075,4
0,58,1,3,3,210,3,2,2,0,1,0.149,7
1,61,2,2,2,220,3,2,2,0,1,0.171,9
0,46,2,1,2,90,4,2,2,1,1,0.125,10
0,51,2,2,2,176,1,3,2,0,1,0.095,1
0,47,2,3,2,149,4,1,2,1,1,0.195,6
0,69,2,3,3,193,6,2,1,0,1,0.124,9
0,20,1,1,2,175,4,1,1,0,0,0.051,8
0,43,1,2,2,180,6,2,3,0,1,0.015,9
0,62,2,1,3,230,2,1,2,1,0,0.005,4
0,19,2,2,1,183,1,1,1,0,1,0.084,5
0,24,2,2,4,115,6,1,1,0,1,0.114,3
0,49,2,2,3,191,4,1,3,0,0,0.125,8
1,50,2,3,1,191,1,1,1,1,1,0.061,8
0,63,3,2,5,96,4,1,1,0,1,0.147,6
0,21,1,1,2,105,7,1,2,1,0,0.004,5
1,45,2,2,2,203,3,3,4,1,0,0.003,8
0,33,2,2,1,139,4,1,1,1,1,0.08,8
0,65,1,1,1,151,4,2,1,1,1,0.058,2
0,61,2,1,3,164,2,2,4,0,1,0.027,2
0,47,2,1,1,181,4,3,4,0,1,0.118,1
0,70,2,2,3,171,5,3,1,0,0,0.01,7
0,39,2,2,1,252,6,1,1,0,1,0.157,3
0,62,1,2,3,217,5,1,1,0,0,0.119,10
0,58,3,1,5,93,3,1,1,0,1,0.098,4
0,41,1,1,1,127,3,3,4,0,0,0.185,7
0,67,1,1,1,53,4,1,3,0,1,0.073,10
1,63,2,1,1,141,2,2,1,1,0,0.118,8
1,50,2,1,2,74,3,1,4,0,0,0.127,8
0,46,3,1,2,41,4,3,4,1,0,0.159,10
0,60,2,1,1,166,5,3,3,0,0,0.195,2
0,68,1,2,1,154,5,1,1,0,0,0.044,6
0,50,1,1,1,195,4,1,1,0,0,0.077,8
0,61,1,3,3,82,6,1,1,1,1,0.094,5
0,35,2,2,4,227,1,1,1,0,1,0.026,6
1,24,2,1,1,119,5,1,1,1,0,0.145,10
0,52,1,2,3,145,4,1,3,0,0,0.185,2
1,22,1,1,1,140,4,1,2,0,1,0.199,6
0,41,2,3,4,343,8,1,1,0,0,0.142,9
0,50,1,1,5,172,2,1,1,1,1,0.051,10
1,67,1,1,2,275,5,2,2,1,1,0.188,5
0,55,1,3,4,95,6,1,1,1,0,0.108,10
0,55,1,3,2,157,2,2,2,0,0,0.04,5
0,63,1,3,4,67,1,3,1,1,1,0.104,1
0,34,1,1,2,212,5,3,2,0,0,0.052,5
1,29,1,2,5,206,2,1,4,1,0,0.04,8
1,19,1,2,1,332,4,2,2,1,1,0.151,10
1,28,2,3,4,256,2,3,1,0,0,0.1,7
0,60,2,1,1,235,2,2,1,1,0,0.082,7
1,68,1,2,2,249,2,2,4,0,1,0.011,9
1,49,2,2,1,165,4,1,1,0,0,0.095,9
0,47,1,2,1,137,3,3,3,0,0,0.128,7
0,51,1,1,3,170,6,1,1,1,1,0.017,10
1,45,2,1,1,189,2,2,1,1,0,0.197,6
0,67,1,2,3,197,5,1,4,0,0,0.014,5
0,58,2,3,1,95,5,2,4,0,1,0.073,10
1,51,2,1,2,228,4,1,1,1,1,0.162,10
1,21,2,1,1,118,4,1,4,0,1,0.059,9
0,59,2,1,3,230,3,1,2,0,0,0.038,9
0,58,1,2,1,135,7,3,4,0,0,0.089,9
1,25,1,2,1,112,3,1,1,0,0,0.1,10
1,66,1,2,2,292,5,3,2,0,1,0.171,9
1,19,2,1,2,240,2,1,1,0,0,0.163,7
1,20,2,3,2,138,4,1,1,1,1,0.19,8
0,64,1,1,3,260,5,2,2,1,0,0.037,2
1,21,2,1,2,143,3,1,4,1,1,0.091,7
0,59,2,3,1,221,5,1,3,0,0,0.016,8
0,53,1,3,4,258,7,1,4,0,0,0.17,5
1,25,1,2,1,260,6,1,4,0,1,0.128,8
0,32,1,2,4,138,3,3,1,0,0,0.2,1
1,42,2,2,1,176,2,1,4,1,1,0.195,10
0,65,2,1,1,143,4,1,2,0,1,0.116,4
0,58,1,2,2,144,4,1,3,0,0,0.021,8
0,68,1,1,1,241,4,2,4,0,0,0.199,1
0,58,1,1,3,152,4,1,1,1,1,0.031,10
1,25,2,3,1,121,6,3,2,0,1,0.073,8
1,58,1,1,5,283,4,1,4,0,1,0.163,6
0,23,1,1,5,129,5,2,2,0,1,0.128,3
1,20,1,1,3,205,2,1,2,0,1,0.096,3
0,47,1,2,1,171,3,1,2,0,1,0.053,3
0,53,2,2,4,141,5,3,3,0,0,0.098,2
0,69,1,1,1,118,7,1,1,0,0,0.124,6
0,69,3,1,5,86,2,2,1,1,0,0.145,5
1,21,1,1,3,143,4,2,2,0,1,0.164,3
1,53,2,3,1,273,4,1,1,1,1,0.041,9
0,59,1,1,1,118,7,1,1,1,1,0.102,1
0,50,2,1,1,244,2,3,3,0,1,0.035,3
1,47,2,1,1,113,7,2,1,0,1,0.17,7
0,68,2,1,2,212,4,2,4,1,1,0.19,2
0,59,1,2,1,114,5,2,3,0,0,0.073,6
0,44,1,2,3,214,4,2,1,0,0,0.064,10
0,63,2,1,4,126,6,1,1,1,0,0.133,5
0,22,2,2,2,162,2,1,1,0,1,0.079,5
0,41,1,1,1,124,6,3,1,0,1,0.129,6
1,50,2,1,5,301,4,1,3,0,1,0.021,3
0,35,1,2,1,101,4,2,1,0,1,0.061,4
0,63,1,1,2,160,3,2,1,0,1,0.149,2
1,67,1,2,2,92,2,2,1,0,0,0.057,10
1,51,3,1,4,113,6,1,4,0,0,0.058,9
0,63,1,1,1,199,3,3,1,1,1,0.088,4
0,64,2,1,1,172,4,3,2,0,0,0.04,3
0,68,1,1,1,87,5,2,1,0,0,0.152,5
0,38,2,1,1,95,2,1,4,1,1,0.061,3
0,46,2,1,1,208,4,2,4,0,1,0.178,9
1,29,1,1,1,228,2,1,4,0,1,0.021,4
0,27,2,2,4,164,5,2,1,0,1,0.048,8
1,66,1,1,5,149,4,1,2,1,0,0.133,4
1,30,1,1,3,191,5,1,3,1,1,0.044,5
0,20,2,2,1,229,9,1,3,0,1,0.174,1
1,23,1,2,1,190,4,1,1,1,1,0.069,9
0,66,1,1,1,257,5,2,1,0,0,0.156,8
1,61,1,1,3,153,3,2,3,1,1,0.139,6
0,52,3,3,1,157,3,2,1,0,0,0.027,3
0,51,3,2,4,227,7,1,4,0,1,0.183,2
0,40,2,1,1,181,3,3,1,0,1,0.021,6
1,25,2,1,1,247,5,3,1,1,0,0.043,8
0,64,2,3,2,251,4,3,4,0,0,0.037,10
0,37,1,1,1,103,2,3,2,0,0,0.195,9
1,35,2,1,4,163,5,2,2,0,1,0.138,3
0,51,3,1,3,128,3,1,3,0,0,0.006,9
1,55,1,1,2,150,3,2,1,0,1,0.079,3
0,22,2,2,1,219,3,2,1,0,1,0.027,4
0,57,1,1,5,197,5,3,2,0,1,0.077,8
1,18,1,1,1,209,7,1,4,0,1,0.046,10
1,64,1,1,1,265,8,1,3,0,1,0.148,10
0,34,2,3,1,23,2,3,1,1,1,0.032,6
1,41,2,1,1,154,4,1,3,0,0,0.198,7
0,40,1,2,3,172,5,1,1,1,1,0.137,1
1,32,1,3,1,201,7,1,1,0,1,0.126,9
1,31,1,1,4,275,2,1,3,1,1,0.173,7
0,54,2,2,3,86,6,3,4,0,1,0.154,4
1,21,1,1,5,166,3,1,2,1,0,0.141,5
0,64,2,1,1,179,3,1,1,0,0,0.181,6
1,28,2,1,1,35,3,3,2,0,1,0.17,1
0,63,1,3,1,197,5,1,1,0,0,0.023,3
0,57,1,2,3,223,2,3,4,0,1,0.133,7
0,69,2,1,1,260,1,2,2,0,1,0.168,8
0,44,2,1,3,184,8,1,1,1,0,0.088,5
0,52,1,1,2,242,4,3,3,0,1,0.081,4
0,24,1,3,2,103,3,3,1,1,0,0.177,3
0,57,1,2,1,217,5,2,4,0,1,0.057,6
0,69,2,2,1,112,3,3,4,0,1,0.197,10
0,50,2,3,3,181,5,1,1,0,1,0.044,3
0,60,1,3,1,260,4,2,1,1,0,0.068,4
1,47,2,1,2,203,3,1,2,0,0,0.012,5
0,28,2,1,1,252,4,1,2,0,1,0.086,6
0,53,1,1,1,195,2,1,1,0,0,0.072,1
0,44,2,1,1,181,5,3,3,1,0,0.081,1
1,48,1,1,3,249,7,1,1,0,1,0.041,3
0,39,2,1,3,148,1,2,2,0,0,0.099,4
0,41,1,2,1,191,5,2,4,0,1,0.075,10
1,21,1,1,1,197,4,1,4,0,1,0.045,1
0,62,1,2,1,216,2,3,2,0,1,0.168,1
1,49,1,1,3,188,5,3,3,0,1,0.149,7
0,23,1,1,1,85,3,1,3,0,0,0.077,3
1,23,2,3,4,163,2,2,4,0,1,0.129,10
1,27,1,1,2,77,3,2,4,0,0,0.09,8
1,30,2,3,3,60,2,1,2,0,1,0.178,7
0,59,1,1,1,230,2,1,1,0,1,0.063,5
0,56,1,2,4,179,3,3,4,0,0,0.07,8
1,32,1,1,1,175,8,3,4,1,1,0.029,6
1,34,1,1,1,258,3,1,1,0,1,0.042,5
0,48,2,1,1,292,4,2,4,1,0,0.006,5
0,26,1,2,2,237,6,3,2,0,1,0.033,2
0,44,2,2,2,268,3,1,1,0,1,0.196,6
0,25,1,1,1,131,2,1,3,0,0,0.09,3
1,19,1,2,5,212,4,1,1,1,1,0.161,10
1,47,2,1,1,203,8,2,4,1,1,0.076,5
1,20,2,1,1,210,4,1,1,1,0,0.196,9
0,18,1,2,2,123,4,1,3,0,1,0.023,8
0,65,2,2,3,148,7,1,3,0,1,0.102,9
0,32,3,3,3,123,2,2,3,0,1,0.146,6
0,19,1,1,1,96,4,1,4,0,1,0.031,1
1,32,2,1,2,201,3,2,1,1,1,0.1,4
0,29,2,3,4,180,2,1,1,0,0,0.052,1
1,39,2,1,2,286,4,1,2,1,0,0.025,7
0,53,2,2,2,127,4,2,2,1,1,0.198,3
1,37,1,1,2,249,2,3,2,1,0,0.166,9
1,43,2,2,1,267,4,2,1,0,1,0.169,9
0,64,2,1,5,157,6,3,1,1,1,0.015,7
0,43,1,2,1,195,3,1,1,0,0,0.069,6
0,35,2,3,1,89,5,2,3,0,1,0.106,5
0,60,2,2,1,221,0,2,1,0,1,0.151,4
0,68,1,2,1,75,5,1,1,0,0,0.071,7
1,18,2,1,3,176,0,2,2,0,1,0.1,8
0,42,1,2,4,161,6,1,3,0,1,0.062,8
1,23,2,1,1,207,3,1,4,1,1,0.042,6
1,25,1,1,4,205,2,2,4,1,0,0.189,6
0,30,1,2,2,220,3,3,3,0,1,0.131,7
0,29,2,1,1,173,6,2,2,1,1,0.043,8
1,37,2,1,1,270,3,1,1,0,0,0.01,3
0,63,2,1,4,288,2,2,3,0,0,0.133,1
1,68,1,1,3,245,3,1,1,0,1,0.184,4
0,30,1,1,1,194,5,2,4,1,1,0.157,3
0,34,3,1,1,127,3,3,1,0,1,0.176,3
0,60,1,1,1,216,5,2,2,0,1,0.091,6
0,19,1,2,4,86,3,3,2,0,1,0.152,7
0,54,1,1,4,232,2,1,1,0,0,0.01,1
0,34,2,2,1,45,4,2,2,0,1,0.174,2
0,22,1,2,3,97,3,1,1,0,0,0.174,6
0,18,2,1,1,191,8,1,4,0,0,0.192,2
0,42,1,2,1,179,7,1,1,0,1,0.005,2
1,65,2,1,1,231,3,1,1,0,0,0.196,10
0,62,1,1,4,128,5,2,2,0,0,0.17,4
0,28,1,3,1,174,7,1,3,0,1,0.101,8
0,45,1,1,3,134,1,2,4,1,0,0.177,7
0,41,1,2,2,214,4,2,2,0,0,0.068,1
0,27,1,3,3,240,3,1,1,0,0,0.101,2
0,19,1,1,2,182,2,1,4,0,1,0.041,6
0,22,2,1,2,106,4,1,1,0,0,0.076,4
1,20,2,1,3,311,3,1,1,0,1,0.116,9
0,35,1,1,2,142,9,1,3,0,0,0.147,6
0,36,2,2,1,189,2,2,2,1,1,0.042,1
0,46,1,2,1,188,3,1,3,0,0,0.138,1
0,45,2,2,1,152,5,1,4,0,1,0.002,3
0,49,2,1,1,122,3,2,1,0,0,0.146,2
1,26,2,1,2,166,3,2,3,0,1,0.135,4
0,51,1,2,1,71,1,1,1,0,1,0.056,4
0,60,2,1,1,161,4,1,1,0,0,0.089,8
0,46,2,1,4,302,6,3,4,0,1,0.188,3
1,46,2,2,4,175,2,1,3,0,1,0.197,6
0,63,2,2,2,208,5,1,3,0,0,0.162,2
0,63,1,1,1,131,7,3,2,0,1,0.047,1
0,63,2,2,1,171,2,3,2,0,1,0.167,4
1,48,1,1,4,259,5,3,4,1,0,0.011,10
0,24,1,2,3,181,3,3,3,1,1,0.047,3
1,29,2,2,1,110,5,2,4,0,0,0.17,7
1,34,3,2,3,140,3,2,2,0,0,0.18,1
0,39,2,2,1,180,4,1,1,0,0,0.166,8
0,19,1,2,2,109,3,2,3,1,1,0.078,4
0,28,1,1,5,204,2,1,1,1,1,0.14,3
0,69,1,3,3,191,5,2,1,0,1,0.056,4
1,32,2,1,1,56,6,2,2,1,1,0.086,10
0,45,1,1,2,124,3,2,1,0,1,0.054,2
0,44,2,1,3,188,7,2,1,1,1,0.178,6
0,40,1,2,4,172,7,1,1,0,0,0.018,1
0,63,2,1,4,238,1,1,3,1,1,0.037,2
0,50,1,1,1,338,3,2,1,0,1,0.109,4
1,66,1,1,3,121,5,1,1,0,0,0.008,9
0,68,2,1,2,59,7,1,1,0,1,0.104,6
0,61,1,1,4,195,4,1,1,0,1,0.121,5
0,45,1,2,3,208,4,2,3,0,1,0.167,1
0,36,2,1,1,213,3,3,1,0,0,0.086,2
0,57,2,2,1,148,1,3,2,0,1,0.024,6
0,46,2,1,5,278,5,1,3,0,0,0.089,1
1,63,1,1,2,195,0,1,2,1,1,0.045,10
0,43,2,3,3,213,3,3,1,0,1,0.028,3
0,28,1,1,1,134,5,2,4,1,1,0.173,3
1,34,2,3,4,185,1,2,3,1,1,0.108,8
1,23,2,1,1,149,6,1,1,0,0,0.138,10
0,43,2,3,4,151,1,2,2,0,1,0.016,6
0,69,2,1,4,174,5,3,4,0,1,0.116,3
0,59,1,3,1,236,6,2,4,1,0,0.093,2
1,58,1,2,2,296,9,1,3,1,1,0.146,3
1,27,1,1,4,187,3,1,4,1,1,0.071,10
0,38,2,1,3,161,4,2,1,0,1,0.069,3
0,56,1,1,1,102,2,3,4,0,1,0.098,7
0,26,2,3,1,222,3,1,1,0,0,0.124,10
0,53,1,1,1,211,4,1,3,0,1,0.087,7
0,46,1,1,1,64,3,1,1,1,0,0.185,5
0,34,2,2,5,146,2,1,1,0,0,0.119,2
0,26,1,2,2,163,8,2,2,0,1,0.085,10
1,68,2,2,3,159,2,3,1,0,1,0.193,6
0,50,2,1,1,132,5,2,2,0,1,0.125,7
0,41,1,1,1,57,6,1,4,0,1,0.012,4
0,44,1,3,1,269,5,3,4,0,0,0.025,10
0,63,2,2,1,171,5,1,2,0,0,0.011,9
1,60,2,2,3,216,4,1,2,1,0,0.143,7
0,51,2,1,1,227,5,1,2,1,1,0.071,2
0,47,1,3,4,175,3,1,2,0,1,0.191,2
0,18,2,2,1,187,1,2,3,0,1,0.151,2
1,60,2,1,3,190,7,2,4,1,1,0.161,4
1,45,2,1,4,196,2,2,1,0,1,0.099,2
1,21,2,2,1,227,4,2,1,1,1,0.073,4
1,33,2,1,2,203,2,1,2,1,1,0.022,3
0,53,2,2,1,133,3,1,3,1,0,0.188,6
0,57,2,1,1,76,2,2,1,0,1,0.144,6
0,31,1,1,1,172,2,1,3,0,1,0.018,4
0,58,1,3,4,184,2,3,4,1,0,0.075,9
0,63,2,1,1,277,4,1,1,0,1,0.022,6
0,66,1,2,5,176,3,2,1,0,0,0.043,2
0,55,1,2,1,178,3,2,4,0,0,0.146,6
0,65,3,1,4,171,6,1,1,0,1,0.05,2
0,51,2,1,2,275,3,2,1,1,1,0.177,2
1,41,2,3,3,178,5,1,1,1,0,0.117,5
1,26,1,2,1,163,3,1,1,1,1,0.155,3
0,53,1,1,5,186,3,2,1,0,0,0.081,1
1,40,2,2,1,179,1,2,4,0,1,0.187,5
1,54,1,2,1,118,6,3,2,0,0,0.161,10
0,21,2,1,2,238,3,3,3,0,1,0.105,2
0,63,2,3,1,199,3,1,1,1,0,0.144,8
0,18,2,2,2,130,5,3,1,0,0,0.135,5
0,38,2,1,4,209,2,2,2,0,1,0.116,3
0,43,1,2,1,115,1,2,1,1,0,0.126,10
0,28,1,1,1,99,4,3,2,0,1,0.05,6
1,21,2,3,2,227,4,1,1,1,0,0.037,10
0,58,2,2,3,175,1,1,1,0,1,0.125,2
0,61,2,1,1,176,4,3,1,0,1,0.1,7
0,59,1,2,1,173,6,2,2,0,1,0.038,4
0,29,2,1,1,224,2,3,1,0,1,0.105,10
0,28,2,1,1,127,6,1,1,0,0,0.099,5
0,23,2,3,2,164,1,1,1,0,1,0.136,4
1,47,1,2,1,154,5,2,2,0,1,0.077,10
0,49,1,1,5,141,0,1,3,1,1,0.185,7
0,41,1,1,4,273,5,2,1,1,1,0.002,4
0,54,2,1,1,85,6,2,2,0,0,0.106,10
0,29,1,1,4,193,5,2,1,0,1,0.109,2
1,37,2,1,4,142,4,2,4,0,0,0.066,8
1,34,2,1,1,217,7,2,2,0,1,0.051,3
0,52,2,2,4,180,4,3,3,0,1,0.153,2
0,44,1,2,4,186,1,1,4,1,1,0.032,8
0,50,1,2,2,207,4,2,4,1,1,0.044,2
1,61,1,1,1,194,2,2,3,1,1,0.073,10
1,60,1,2,1,259,5,3,4,1,0,0.173,7
1,31,2,2,1,164,6,2,1,1,1,0.194,9
1,30,1,3,3,255,4,1,3,0,1,0.063,1
0,28,1,1,3,69,2,2,3,0,1,0.194,6
0,25,1,1,1,111,4,2,4,1,0,0.071,4
0,50,1,1,5,119,5,2,1,0,1,0.035,7
0,40,1,1,1,113,4,2,2,0,0,0.136,1
0,58,1,3,2,132,3,1,4,1,0,0.176,6
0,46,1,1,1,110,7,1,1,0,0,0.055,9
1,65,2,1,2,271,1,1,4,0,1,0.123,7
0,52,1,1,1,210,4,1,1,1,0,0.063,5
1,27,2,1,1,109,3,1,2,0,1,0.007,4
0,46,1,2,1,125,4,1,1,0,1,0.115,5
0,24,2,1,1,222,2,1,1,0,0,0.116,1
0,61,1,3,1,40,3,1,4,0,0,0.149,6
1,69,2,1,2,143,1,2,2,0,1,0.137,6
1,45,2,2,2,282,5,1,2,0,1,0.076,9
1,53,2,1,2,206,2,1,2,0,1,0.103,8
0,69,1,1,1,159,4,1,3,1,0,0.072,2
1,27,1,2,3,218,1,1,3,0,1,0.121,3
0,57,2,2,1,179,2,1,2,0,0,0.089,1
0,65,1,1,2,226,4,2,3,0,1,0.015,3
0,57,2,3,1,217,5,1,1,0,0,0.081,4
0,27,1,2,3,211,5,2,3,0,1,0.189,6
1,36,1,3,4,265,3,2,1,1,0,0.107,9
1,34,2,1,5,191,3,1,3,0,0,0.163,9
1,26,1,3,2,242,5,2,2,0,1,0.017,5
0,50,2,3,5,196,2,1,3,1,0,0.014,8
1,20,2,1,3,182,4,3,2,0,0,0.077,9
0,67,1,2,1,148,3,1,1,1,1,0.118,4
0,61,2,2,1,215,4,1,2,0,1,0.114,8
1,55,1,1,3,157,4,3,2,0,1,0.004,8
1,66,1,2,3,58,1,1,4,0,0,0.198,7
0,29,1,2,1,212,3,2,1,0,1,0.029,10
0,20,1,1,1,254,5,3,4,0,0,0.144,2
0,18,1,2,2,179,0,3,1,0,0,0.132,9
0,25,1,2,1,145,2,1,4,1,1,0.119,2
1,55,2,1,4,269,4,1,1,1,0,0.087,5
0,55,1,1,1,271,4,2,1,1,0,0.114,2
0,20,2,1,1,274,3,1,1,1,1,0.126,4
1,38,2,3,4,121,2,2,2,1,0,0.16,1
0,23,1,3,1,209,4,1,1,0,1,0.199,3
1,42,2,1,4,260,6,2,4,0,1,0.007,9
0,43,1,1,4,96,5,2,1,1,1,0.035,1
0,55,2,1,4,184,1,2,1,0,1,0.082,10
0,31,2,3,2,219,3,2,1,0,1,0.016,6
1,69,2,2,1,162,4,2,2,0,1,0.194,7
0,44,2,1,1,188,7,2,3,1,1,0.043,1
0,45,1,1,1,195,5,2,2,0,0,0.174,8
0,54,2,2,1,83,3,1,2,1,1,0.032,1
0,53,2,1,2,268,5,3,3,0,1,0.131,6
0,26,2,1,1,238,1,2,3,0,1,0.182,6
0,35,2,2,1,70,3,2,1,1,0,0.117,10
1,32,1,1,3,91,2,1,3,0,0,0.089,5
1,32,2,2,1,154,2,2,1,1,1,0.121,1
1,18,2,1,1,295,6,2,3,0,1,0.069,7
0,25,1,1,1,181,3,3,1,0,1,0.041,8
0,65,1,1,1,236,2,2,1,0,1,0.169,5
0,61,1,1,4,185,5,1,4,0,1,0.111,4
0,46,2,1,3,173,3,1,4,0,0,0.028,5
0,37,1,1,2,233,6,3,3,1,1,0.136,3
0,40,1,1,2,108,4,2,2,0,1,0.046,2
0,32,1,1,2,198,6,1,1,0,1,0.157,8
0,63,2,1,4,135,3,2,3,1,1,0.115,8
0,66,1,1,2,232,3,2,2,0,0,0.112,1
1,67,1,1,1,305,2,1,4,0,1,0.014,7
1,30,2,1,3,148,3,3,1,0,1,0.179,9
1,63,2,1,2,251,3,1,3,0,1,0.169,9
0,57,2,1,4,364,2,1,4,0,1,0.026,2
1,54,1,2,5,98,4,1,4,1,1,0.125,6
0,59,2,1,1,238,2,1,2,1,1,0.01,5
0,48,2,2,1,294,4,2,1,0,1,0.025,8
0,29,1,1,1,160,4,1,1,0,0,0.074,8
0,43,1,1,1,157,5,2,1,0,1,0.053,10
0,29,1,1,4,120,5,3,1,1,1,0.19,5
0,67,1,2,2,130,1,2,3,0,1,0.142,3
1,47,2,1,4,179,5,1,1,0,0,0.091,2
0,50,2,2,1,236,1,1,1,0,1,0.174,3
1,48,1,2,2,131,6,1,4,0,0,0.177,7
0,62,2,1,1,54,3,3,2,1,0,0.073,3
0,23,2,1,3,252,3,2,1,1,1,0.088,9
0,29,2,1,1,280,9,2,2,0,0,0.015,4
0,26,1,1,1,168,4,2,4,1,0,0.144,5
0,33,1,2,3,218,1,3,3,0,1,0.099,10
1,33,2,2,1,228,3,1,4,0,1,0.18,6
1,60,2,3,1,144,6,1,1,1,0,0.002,5
0,41,2,2,3,212,6,1,1,1,1,0.137,9
0,33,1,1,2,252,8,1,1,1,0,0.191,1
0,69,2,2,4,196,4,1,2,0,1,0.159,6
0,57,2,1,1,195,3,1,3,1,1,0.195,4
1,43,2,1,1,144,3,1,2,1,1,0.196,6
0,63,2,1,1,256,6,1,4,0,1,0.068,1
1,21,2,2,2,87,6,1,1,0,1,0.192,1
0,69,1,2,1,248,1,1,4,0,0,0.137,3
0,27,1,1,1,130,7,2,1,1,0,0.069,4
0,55,1,1,3,234,6,3,4,0,0,0.092,7
0,61,1,1,1,168,4,1,2,0,1,0.025,1
0,68,2,1,1,103,6,1,2,0,1,0.02,3
0,23,1,1,2,103,3,2,3,1,1,0.153,6
0,19,2,1,1,237,5,1,1,1,0,0.127,2
1,18,1,2,1,264,9,1,1,0,0,0.147,6
1,27,1,1,2,260,4,1,3,0,0,0.105,6
1,65,1,2,1,146,4,3,3,0,1,0.182,10
1,31,2,1,1,289,4,1,1,0,1,0.05,10
0,24,2,1,3,46,7,1,1,1,0,0.116,2
1,52,1,1,4,107,3,3,2,0,1,0.01,7
0,33,1,1,2,241,6,3,1,1,1,0.165,8
0,68,2,2,4,246,2,3,3,1,1,0.128,4
0,65,2,3,4,30,4,1,4,0,0,0.037,4
0,31,2,1,1,176,2,2,2,0,1,0.072,2
0,36,2,1,2,162,5,1,4,0,1,0.008,4
0,60,1,1,1,176,4,2,2,0,0,0.001,4
0,25,2,2,1,183,5,2,1,0,1,0.181,7
0,50,2,1,1,235,5,1,4,0,1,0.093,8
1,43,1,1,2,249,2,1,1,0,1,0.196,7
0,45,2,1,2,160,3,1,2,0,1,0.179,4
0,49,2,2,1,122,3,1,3,0,1,0.121,3
0,33,3,1,2,86,2,3,1,0,1,0.062,2
0,55,3,1,3,86,4,2,2,0,0,0.177,8
0,29,2,1,1,158,7,3,2,0,0,0.122,7
1,63,1,1,1,242,6,1,1,0,0,0.016,1
0,27,2,2,2,189,11,2,1,0,1,0.032,3
0,47,1,1,2,228,5,3,1,1,1,0.031,1
0,58,1,1,2,258,1,2,1,0,1,0.078,3
0,65,2,2,2,-24,5,1,3,0,1,0.121,3
0,70,2,1,1,214,0,1,1,0,0,0.086,1
0,28,2,2,2,243,5,1,2,0,1,0.015,3
1,28,3,2,2,111,6,1,2,0,1,0.056,10
1,66,1,1,3,158,1,2,2,1,1,0.089,5
0,23,1,1,4,108,3,2,1,1,0,0.078,1
0,43,2,1,1,194,9,2,3,0,0,0.195,1
1,49,2,2,1,375,7,1,2,1,1,0.165,2
1,57,1,1,1,196,0,2,2,0,0,0.012,10
0,31,1,1,1,187,3,2,1,0,1,0.058,8
1,19,1,1,3,262,0,3,2,1,1,0.028,2
0,57,1,1,1,118,5,1,1,1,1,0.072,7
0,70,2,2,1,175,2,1,1,0,1,0.014,10
0,50,2,1,2,93,3,1,2,0,1,0.041,4
0,25,2,1,1,204,4,2,3,0,0,0.092,6
0,34,1,1,1,168,2,1,4,0,1,0.056,7
0,47,2,1,1,228,2,2,2,0,1,0.099,6
0,30,2,2,1,190,5,1,2,0,0,0.186,1
1,34,1,2,2,226,5,2,1,0,1,0.064,6
0,27,1,3,1,192,5,1,3,1,1,0.055,10
0,40,2,1,1,81,3,1,1,0,1,0.173,8
0,30,1,1,2,144,2,2,3,0,1,0.145,3
1,24,1,1,1,137,5,3,1,0,1,0.009,9
0,51,1,1,1,262,5,2,1,0,0,0.052,4
0,59,1,1,1,150,2,1,1,0,0,0.12,1
1,63,1,1,1,213,1,1,1,1,1,0.188,4
1,26,1,1,1,179,5,2,4,0,0,0.02,5
1,59,1,1,3,227,7,1,3,0,0,0.005,6
0,19,2,2,1,104,0,3,3,1,1,0.159,7
0,41,2,2,1,157,4,1,1,0,1,0.127,5
0,51,1,1,4,183,4,1,3,1,1,0.025,2
1,54,1,1,1,255,1,1,1,0,1,0.161,9
0,23,1,1,1,77,4,1,3,0,0,0.099,5
0,62,1,2,1,202,2,2,1,0,0,0.036,5
1,67,2,3,1,199,2,1,1,0,0,0.1,8
0,41,1,1,1,249,2,1,1,1,0,0.179,2
0,51,2,2,1,219,5,1,1,0,0,0.012,2
0,66,2,3,1,25,4,1,1,0,1,0.164,9
0,40,2,1,1,223,5,3,3,0,0,0.156,5
1,32,3,1,1,167,3,1,3,0,1,0.064,5
0,65,3,1,4,226,4,3,3,1,1,0.154,2
0,25,2,2,5,107,5,1,1,0,0,0.107,6
0,19,1,1,1,277,2,3,3,0,0,0.011,10
1,50,1,1,1,234,5,2,1,1,1,0.045,9
1,50,1,1,1,276,6,1,4,0,1,0.141,5
1,31,2,1,1,102,6,1,3,1,0,0.183,5
0,50,1,1,1,202,6,2,2,1,1,0.065,7
0,32,2,2,2,197,3,3,1,1,0,0.147,4
0,61,2,2,1,264,6,1,4,0,1,0.01,9
1,30,1,1,1,147,5,2,4,1,0,0.175,9
0,41,1,1,1,246,5,2,4,0,0,0.055,5
0,40,1,1,1,205,4,3,1,1,1,0.037,5
0,52,3,1,1,150,2,2,1,1,1,0.124,2
0,34,1,2,4,317,3,2,1,0,1,0.157,2
0,23,1,1,3,209,7,1,2,0,1,0.062,9
0,43,2,1,2,132,6,2,3,1,1,0.09,7
0,62,2,1,1,173,4,1,2,0,1,0.137,6
1,38,2,3,1,121,2,2,1,0,1,0.183,10
1,26,1,2,1,92,2,1,1,1,1,0.043,5
0,44,1,1,1,270,2,3,1,0,0,0.109,2
0,33,1,1,2,220,3,2,1,0,1,0.087,1
0,23,2,1,5,163,2,1,3,0,0,0.199,4
0,64,1,2,1,145,1,1,1,0,1,0.134,9
1,31,2,3,1,121,2,1,3,0,1,0.124,9
0,63,2,3,5,100,4,1,1,0,0,0.016,2
0,23,1,1,1,230,4,2,4,0,0,0.11,8
1,19,2,1,4,218,4,2,1,0,0,0.024,8
1,26,1,2,1,178,4,1,2,0,1,0.137,10
0,46,1,2,1,165,6,3,3,0,0,0.11,2
1,31,2,1,3,236,7,2,3,0,1,0.177,5
0,31,2,3,3,155,2,1,2,0,0,0.156,6
0,50,2,1,2,70,3,3,3,1,1,0.118,1
0,54,2,2,1,243,6,1,3,0,1,0.035,3
0,40,1,2,2,125,5,1,1,0,0,0.154,1
0,24,2,3,5,174,3,3,2,0,1,0.141,2
1,55,1,2,1,194,4,1,1,0,1,0.184,7
0,47,1,1,2,117,5,3,4,0,1,0.184,1
0,21,2,1,3,214,3,2,4,0,0,0.055,4
0,19,2,1,2,226,4,3,3,0,0,0.173,3
1,61,2,1,1,345,3,3,4,0,1,0.035,10
1,31,1,1,4,192,2,2,1,0,1,0.079,8
0,37,1,1,1,175,4,2,2,0,1,0.16,2
1,31,1,1,1,173,2,3,2,0,1,0.013,10
1,18,2,2,2,192,3,3,1,0,1,0.043,9
1,50,2,2,3,222,8,2,1,0,0,0.038,5
0,41,1,2,4,153,8,1,1,0,0,0.115,2
0,51,2,2,4,208,5,2,1,0,1,0.007,5
0,19,2,2,1,267,3,1,1,1,1,0.046,3
1,64,1,2,1,164,5,1,3,0,0,0.042,6
0,26,2,1,1,147,5,2,2,1,1,0.14,2
0,62,1,1,1,280,4,1,4,1,1,0.053,4
1,62,2,3,1,318,3,3,1,0,1,0.199,4
1,53,2,3,2,285,2,2,3,0,1,0.123,2
0,44,2,1,1,130,4,3,1,0,1,0.135,4
0,55,2,3,2,133,5,1,1,0,0,0.064,4
0,23,1,2,5,135,4,1,3,0,0,0.076,3
0,45,2,3,2,181,5,3,1,0,1,0.08,4
0,66,1,2,1,213,2,3,2,0,1,0.009,2
1,69,2,2,3,233,5,1,2,1,1,0.144,5
0,55,2,2,1,187,5,3,1,0,1,0.089,1
1,18,1,2,4,216,1,2,1,0,1,0.18,10
0,23,1,1,2,95,5,1,3,1,0,0.199,6
0,59,1,1,1,138,3,2,3,0,1,0.058,2
0,59,1,2,1,195,6,2,2,0,1,0.184,5
1,51,1,3,4,275,3,1,1,1,1,0.029,10
1,40,2,2,4,151,3,3,3,0,0,0.053,9
0,55,2,1,1,180,2,2,1,0,0,0.096,10
1,69,2,2,4,236,4,1,2,0,0,0.06,8
1,52,2,1,1,252,6,1,2,1,1,0.058,10
0,22,1,2,1,81,7,1,3,0,1,0.18,5
0,40,2,2,2,192,3,2,1,0,1,0.182,1
1,31,1,1,1,203,2,3,1,1,1,0.179,10
1,36,2,1,1,237,2,3,2,0,0,0.057,9
0,55,1,2,1,195,6,3,1,1,1,0.044,5
0,21,1,2,3,219,1,2,1,0,0,0.118,3
0,68,1,1,3,141,4,1,1,0,1,0.047,9
0,54,2,1,5,211,0,1,1,0,0,0.119,10
0,27,1,1,1,200,6,1,4,0,0,0.14,6
0,56,2,1,2,128,6,2,3,1,1,0.068,9
0,44,2,3,2,338,7,3,3,0,1,0.068,3
1,30,2,2,4,273,3,2,4,1,1,0.092,7
1,24,1,1,1,150,5,3,1,0,1,0.164,1
0,51,1,2,5,262,4,1,1,0,1,0.169,3
0,20,2,1,2,103,8,1,3,0,0,0.118,4
0,47,1,1,2,170,2,1,3,0,1,0.161,9
0,21,1,1,2,256,4,1,3,0,1,0.053,1
1,51,2,1,1,82,5,1,2,0,0,0.166,3
0,48,1,2,1,108,5,3,1,1,1,0.019,10
0,49,1,1,2,290,5,2,1,0,0,0.031,3
0,25,2,2,1,234,5,2,1,0,0,0.108,5
1,50,2,1,2,114,5,1,2,1,0,0.163,3
1,59,1,1,1,118,2,2,3,0,0,0.063,10
0,68,1,1,1,196,4,1,3,0,0,0.126,9
0,54,1,3,1,203,6,1,1,0,1,0.079,2
0,50,1,2,1,145,4,1,1,1,1,0.113,6
0,22,1,1,1,89,5,1,1,1,0,0.085,1
0,57,1,3,1,160,4,2,3,0,1,0.056,9
0,69,2,2,3,156,4,2,1,0,0,0.089,10
1,58,2,1,4,53,1,3,3,0,1,0.14,7
0,22,1,2,5,185,5,3,1,1,1,0.156,2
0,64,2,2,3,199,4,1,1,0,0,0.006,8
0,70,2,1,2,234,5,2,1,0,1,0.117,1
1,54,1,1,3,206,4,3,1,0,0,0.128,10
1,32,1,2,1,248,7,1,1,0,1,0.055,7
0,58,2,1,1,155,1,2,2,0,1,0.165,4
1,22,3,2,1,186,6,1,3,0,1,0.088,7
1,46,1,1,4,230,4,3,2,0,1,0.048,9
0,52,2,1,3,281,5,2,4,0,0,0,1
0,68,1,1,1,101,3,2,1,0,1,0.118,4
0,57,2,1,1,173,4,1,4,0,1,0.141,2
0,63,2,1,3,270,2,3,1,0,1,0.133,1
0,67,2,2,1,193,7,2,1,0,1,0.135,3
1,20,2,2,3,139,7,1,3,1,0,0.2,10
0,67,1,1,1,157,2,1,4,1,1,0.044,2
0,37,2,1,1,98,3,1,1,0,1,0.117,6
1,21,2,3,3,96,4,1,3,0,1,0.13,2
0,57,2,1,2,141,4,2,3,0,0,0.173,1
0,45,3,1,4,317,3,1,2,1,0,0.152,4
0,67,1,3,5,115,0,2,2,1,1,0.193,2
0,52,1,1,3,171,2,1,1,0,1,0.076,3
0,67,1,1,5,149,4,3,2,0,1,0.16,9
0,43,2,1,1,38,4,2,1,0,1,0.099,1
1,23,2,1,3,221,1,1,3,0,0,0.182,5
0,30,2,1,1,232,8,1,2,0,0,0.09,3
0,33,1,2,1,156,7,1,4,0,1,0.069,9
1,22,1,2,2,190,2,1,2,1,1,0.15,4
0,28,1,2,3,221,3,3,1,0,1,0.045,6
0,67,1,1,4,192,5,1,2,1,0,0.036,6
1,19,2,1,4,253,2,1,2,0,0,0.069,5
0,60,2,2,4,168,8,2,1,0,1,0.166,3
0,21,1,1,1,212,1,1,4,0,0,0.077,8
0,22,1,1,2,117,2,2,4,0,1,0.064,1
1,50,1,1,2,209,4,3,4,0,0,0.07,8
0,60,2,1,4,256,4,2,4,1,1,0.12,7
0,19,1,3,4,208,1,3,3,0,1,0.117,10
0,57,1,1,3,205,2,3,3,0,0,0.14,7
0,49,1,3,4,160,4,3,3,0,1,0.015,5
1,48,1,2,1,223,3,1,4,1,0,0.102,9
1,56,1,1,2,222,1,1,1,1,1,0.145,6
0,34,2,1,1,108,6,2,1,0,1,0.091,9
1,39,1,1,1,219,4,2,4,1,1,0.158,6
0,24,1,2,1,263,4,2,2,1,1,0.155,3
0,51,1,1,3,110,6,2,3,0,0,0.168,1
0,41,2,2,3,130,4,3,1,1,1,0.044,5
0,33,1,1,1,265,2,1,3,0,1,0.049,1
1,19,2,1,1,273,3,1,2,0,1,0.09,2
0,49,2,1,2,130,4,1,3,1,1,0.014,1
0,51,1,2,2,274,10,1,4,0,0,0.039,3
0,49,2,2,1,209,4,2,1,1,1,0.014,4
0,37,1,2,4,203,6,2,1,0,0,0.159,1
0,22,2,1,5,143,2,3,1,0,0,0.115,4
0,40,1,2,5,303,6,2,1,0,1,0.189,2
0,38,2,1,1,122,3,1,3,0,1,0.073,6
0,23,1,2,1,96,5,1,2,0,0,0.149,4
0,19,1,2,4,114,6,2,1,0,0,0.16,6
1,21,1,1,5,220,2,2,1,0,1,0.166,8
0,51,2,3,1,241,7,1,4,0,0,0.155,3
0,59,2,1,3,268,4,2,3,1,0,0.15,6
0,48,2,1,1,39,6,2,2,0,0,0.16,2
1,42,3,1,1,224,8,3,1,0,1,0.2,10
0,29,2,1,3,58,6,1,1,1,0,0.115,7
0,69,1,2,2,152,4,1,3,0,1,0.198,2
0,69,1,1,4,168,2,2,2,0,1,0.021,4
0,19,2,1,3,276,5,3,3,0,0,0.136,1
0,50,1,2,1,278,4,1,4,1,1,0.181,1
0,59,2,2,1,127,4,2,1,0,0,0.151,10
0,49,3,3,1,225,4,1,2,0,1,0.043,4
0,51,1,2,1,173,5,1,2,0,1,0.115,5
0,33,1,2,2,201,3,1,1,0,0,0.099,6
1,59,1,1,1,224,3,2,4,1,1,0.107,4
0,51,3,1,3,134,4,1,1,0,1,0.147,10
1,67,2,2,2,160,4,2,3,0,1,0.129,3
1,26,1,2,1,179,3,1,4,0,0,0.147,4
0,69,1,1,1,68,4,2,4,1,1,0.197,9
0,64,1,1,1,40,10,1,2,0,0,0.041,5
0,33,3,2,5,190,5,2,4,1,1,0.087,7
0,53,2,2,3,194,4,1,4,0,1,0.173,4
0,48,2,3,2,273,5,2,1,0,0,0.185,4
0,33,2,2,1,163,4,2,3,1,1,0.185,9
0,55,1,3,1,109,3,1,1,1,1,0.177,2
1,47,2,1,2,207,9,1,3,0,1,0.164,3
0,65,1,1,5,138,0,2,4,0,1,0.069,1
1,36,2,1,1,252,3,1,2,1,0,0.047,5
0,63,1,1,3,151,1,1,1,0,1,0.187,8
1,21,2,2,3,222,7,3,4,1,1,0.011,10
0,60,1,2,1,212,5,2,4,0,0,0.076,6
0,63,1,2,2,125,5,2,4,1,1,0.014,2
1,53,2,1,1,213,3,1,4,0,0,0.176,10
0,19,2,1,5,213,7,3,1,0,1,0.158,3
0,54,2,2,3,213,3,2,2,1,0,0.074,1
1,20,2,3,2,186,6,1,1,0,0,0.139,2
1,24,2,2,3,147,1,1,1,0,1,0.017,7
0,66,2,3,1,14,7,1,3,0,0,0.149,5
1,58,2,3,2,157,2,2,3,0,0,0.193,3
1,29,1,1,5,190,4,1,2,1,0,0.053,9
0,40,3,2,5,144,4,2,1,0,0,0.14,3
0,56,1,3,4,207,6,3,1,0,0,0.006,1
0,46,2,1,4,238,4,2,2,1,1,0.038,3
0,42,1,1,4,105,3,1,4,0,0,0.077,9
0,54,2,1,4,288,5,1,2,1,1,0.008,2
0,44,2,1,1,129,6,2,1,0,1,0.084,9
0,22,1,1,3,49,3,2,3,1,0,0.164,8
1,61,1,1,1,275,2,1,1,1,0,0.172,7
0,19,1,2,4,244,3,1,1,0,1,0.198,1
1,33,2,2,4,204,1,1,4,1,1,0.049,8
0,65,1,2,3,29,3,1,4,0,1,0.046,6
0,54,2,3,2,158,0,1,1,0,1,0.18,10
0,24,1,1,3,204,3,2,1,0,0,0.055,7
0,20,1,2,4,55,4,1,1,1,1,0.154,9
0,58,2,1,2,295,3,2,1,0,0,0.183,5
1,30,3,1,1,212,5,2,4,1,0,0.015,10
0,43,1,1,1,220,4,3,3,1,1,0.158,8
0,39,2,1,1,191,2,1,1,0,0,0.069,5
0,47,1,3,1,138,7,1,4,0,1,0.168,7
0,65,2,2,5,233,1,2,4,1,0,0.073,4
1,19,1,2,3,238,1,1,3,1,0,0.062,2
1,30,1,1,5,254,2,1,1,0,1,0.056,10
0,66,2,2,1,174,3,1,1,0,1,0.035,2
1,54,2,2,4,280,3,2,4,1,1,0.15,3
0,65,2,1,1,279,6,1,1,1,1,0.104,8
1,54,2,1,2,99,6,1,1,0,0,0.138,8
1,68,2,2,2,126,3,1,3,0,0,0.171,9
0,52,2,3,2,146,5,1,1,1,0,0.131,5
1,27,2,1,3,221,3,1,1,0,1,0.127,4
0,64,2,1,3,214,6,2,2,0,1,0.008,5
0,29,2,1,2,131,4,2,1,0,0,0.035,10
1,40,2,1,1,211,6,1,2,0,1,0.164,7
0,54,2,1,4,125,3,1,3,0,1,0.011,6
0,50,1,1,1,143,5,3,1,0,0,0.112,1
0,19,1,2,2,185,7,1,1,1,1,0.197,8
1,25,1,1,3,162,6,2,4,0,1,0.199,6
0,61,2,1,1,209,2,2,1,0,0,0.176,4
0,21,2,1,2,115,6,3,3,0,1,0.162,7
1,38,2,1,2,132,4,1,4,0,1,0.041,8
0,49,2,1,2,131,4,2,1,0,1,0.087,9
0,23,1,1,5,125,5,1,1,0,1,0.159,3
0,48,1,3,1,205,3,2,1,0,1,0.13,8
0,29,1,2,3,135,5,2,3,0,0,0.132,3
1,65,2,2,1,131,4,3,2,1,1,0.041,6
0,36,1,3,5,123,0,3,1,0,0,0.117,2
0,62,3,1,1,231,9,1,3,0,0,0.099,3
0,39,2,2,4,260,3,2,4,0,0,0.063,3
0,63,2,1,4,144,2,2,1,0,1,0.165,6
1,61,2,1,1,114,3,1,2,1,0,0.146,6
0,24,2,2,4,99,3,2,1,0,1,0.032,5
0,42,2,2,1,239,10,1,1,0,0,0.052,2
0,60,1,1,1,143,4,1,1,0,0,0.046,3
0,51,1,1,2,201,4,3,3,0,0,0.042,8
0,62,2,3,1,51,5,1,1,1,0,0.2,4
0,29,1,1,1,236,3,2,1,1,0,0.19,7
0,45,1,1,1,272,5,3,1,0,0,0.049,2
0,59,2,2,2,233,5,1,4,1,1,0.168,1
0,20,1,2,1,202,3,2,1,1,0,0.153,10
1,23,1,2,1,185,3,1,4,0,0,0.074,9
0,48,1,1,4,218,4,2,1,0,1,0.094,2
1,48,2,1,1,269,4,2,1,1,1,0.093,7
1,63,2,1,2,256,7,3,1,1,1,0.11,8
1,66,2,1,1,202,7,1,1,1,1,0.039,9
0,59,1,1,2,161,6,1,4,0,1,0.186,1
1,19,1,1,2,160,4,1,2,0,1,0.12,7
1,21,2,2,1,217,2,2,4,0,1,0.194,1
1,67,1,1,4,264,5,1,2,0,0,0.004,10
0,50,2,1,1,218,6,1,1,0,1,0.108,7
0,41,1,1,1,155,6,3,3,0,0,0.077,6
0,25,2,2,1,189,3,1,4,0,1,0.198,6
0,62,1,1,1,213,2,2,1,0,0,0.126,9
0,23,3,3,1,163,4,1,3,0,1,0.042,1
1,57,2,2,1,192,2,1,3,0,1,0.043,10
1,25,1,2,4,158,2,2,1,0,1,0.024,8
0,38,2,1,2,92,5,2,1,0,0,0.013,3
0,46,2,1,2,144,2,2,1,0,1,0.062,5
0,19,2,1,2,268,5,3,3,0,1,0.003,7
0,56,2,3,5,253,6,1,1,0,0,0.079,9
1,29,2,1,1,145,4,1,1,0,1,0.034,6
0,40,1,2,4,204,8,1,1,0,1,0.013,2
0,57,2,3,1,51,6,1,3,0,0,0.109,2
0,40,1,1,2,142,2,3,1,0,0,0.101,9
0,64,2,1,1,148,6,1,1,0,0,0.166,2
1,29,1,1,2,75,5,1,4,0,0,0.07,1
1,32,2,2,1,229,1,1,1,0,1,0.134,9
0,20,1,1,1,136,4,3,1,1,0,0.069,5
1,29,2,2,1,158,6,1,2,0,1,0.082,9
0,61,1,3,5,108,4,2,4,0,1,0.094,9
1,40,2,1,3,188,5,1,2,0,0,0.029,3
0,33,2,2,1,151,5,1,3,0,1,0.049,7
0,60,2,1,3,263,4,3,4,1,1,0.162,3
0,63,1,2,1,130,3,2,4,0,1,0.072,1
0,53,2,3,3,88,10,1,2,0,1,0.068,8
0,69,1,1,1,273,7,1,4,1,0,0.128,2
0,41,2,1,1,137,6,1,1,0,0,0.117,8
0,31,2,2,5,168,3,2,1,0,1,0.117,10
0,29,3,2,5,247,7,1,3,0,1,0.037,2
0,39,2,1,1,145,5,1,2,1,1,0.181,4
0,51,1,1,1,78,3,1,4,0,1,0.101,3
0,55,1,2,1,235,3,2,3,0,1,0.109,1
1,26,2,3,1,238,3,2,1,1,1,0.14,8
1,25,2,1,4,147,2,1,3,1,0,0.17,2
0,45,1,3,3,205,1,3,1,0,1,0.106,6
1,46,2,2,4,219,3,3,4,1,1,0.187,2
0,61,1,1,2,57,7,1,1,1,1,0.005,10
1,21,2,1,1,188,4,1,2,0,1,0.033,5
0,36,3,1,2,176,2,3,3,0,1,0.107,8
1,38,2,1,2,85,9,1,3,1,1,0.169,7
0,64,2,3,5,129,6,1,3,0,1,0.031,2
1,64,2,1,3,213,3,3,1,0,1,0.058,8
0,39,1,2,2,110,2,3,2,0,1,0.092,5
0,27,1,1,3,161,6,1,1,1,1,0.183,1
1,25,1,1,1,66,6,1,1,0,1,0.169,9
0,37,2,2,4,148,7,1,3,1,0,0.073,3
0,29,2,2,1,202,7,3,1,0,0,0.109,10
0,34,2,2,1,99,7,3,3,0,1,0.049,5
0,63,1,2,4,211,6,2,4,0,1,0.066,3
0,60,2,2,3,288,1,2,1,0,0,0.184,8
0,59,1,1,2,137,3,3,3,0,0,0.115,7
0,41,2,1,4,107,7,1,1,1,1,0.053,6
1,28,1,3,1,145,3,1,2,0,0,0.18,8
0,26,1,3,1,162,3,3,3,0,1,0.165,7
1,63,1,2,4,224,4,2,4,0,1,0.039,6
1,33,2,2,1,174,8,2,1,0,1,0.031,1
1,26,2,1,1,217,5,1,4,1,1,0.136,1
0,35,1,2,5,197,6,2,1,1,0,0.133,1
0,34,2,1,1,233,4,1,1,0,0,0.14,3
0,42,1,1,1,201,6,1,1,0,1,0.179,2
0,59,1,3,3,235,1,2,4,0,1,0.109,5
0,38,2,1,2,229,4,2,3,1,0,0.013,4
0,42,1,2,2,211,2,1,1,0,1,0.049,9
1,51,2,1,4,169,4,3,2,1,1,0.092,10
0,45,2,2,1,217,2,1,1,0,0,0.18,1
1,31,2,1,1,205,1,1,1,0,1,0.062,10
0,67,2,2,3,217,8,2,1,0,1,0.126,10
0,49,1,2,3,110,5,1,2,1,1,0.199,4
0,25,1,1,1,146,4,1,1,0,0,0.078,1
0,56,2,1,4,125,0,2,1,0,0,0.174,7
0,18,1,1,1,161,5,1,3,0,0,0.033,7
0,45,1,1,2,112,5,2,1,0,0,0.011,2
0,23,1,3,1,124,3,1,1,0,1,0.12,8
1,28,2,1,5,169,2,1,2,1,1,0.054,2
1,42,2,1,4,165,8,1,3,0,0,0.172,5
1,23,1,1,3,107,5,1,1,0,0,0.094,3
0,44,2,1,1,220,5,2,4,1,1,0.052,8
0,21,2,1,1,184,3,2,2,1,1,0.003,3
0,21,3,3,1,178,7,3,2,0,0,0.179,1
1,40,2,2,1,245,2,1,3,0,1,0.18,8
0,37,2,1,1,112,4,2,3,0,1,0.113,8
0,68,1,1,4,264,3,2,2,1,1,0.044,7
0,66,1,3,3,119,1,1,1,0,0,0.004,8
0,40,2,1,1,239,4,1,1,0,1,0.056,7
0,26,2,1,2,121,7,1,4,0,0,0.148,7
0,23,2,2,2,191,4,1,1,0,1,0.082,6
0,37,2,2,2,314,2,1,2,0,1,0.004,1
1,22,2,2,1,208,4,1,1,0,0,0.065,6
1,65,1,1,1,28,1,1,4,0,1,0.11,5
0,60,2,1,1,263,5,2,3,0,1,0.036,6
0,60,1,2,1,138,7,2,1,1,1,0.147,6
0,26,2,2,4,173,3,2,3,0,1,0.111,4
0,69,1,1,3,249,7,1,4,1,1,0.162,5
0,29,1,2,1,152,5,2,3,0,1,0.055,8
0,58,2,1,2,116,4,1,4,1,0,0.042,3
0,22,2,2,3,134,4,1,4,0,0,0.129,4
1,43,3,1,4,108,5,3,2,1,1,0.166,10
0,58,1,2,3,271,4,1,2,1,1,0.144,3
0,46,2,3,2,298,6,1,2,0,0,0.145,1
1,60,1,1,2,225,7,1,3,0,1,0.029,10
0,68,2,1,1,209,2,1,3,0,1,0.181,8
1,25,2,1,3,101,4,1,1,0,1,0.181,7
0,45,2,2,3,198,1,1,3,0,1,0.153,2
1,57,1,1,1,178,5,1,4,1,0,0.127,5
1,31,1,1,2,147,2,2,1,1,1,0.143,3
1,42,1,2,2,170,4,2,3,1,1,0.179,7
0,42,2,2,1,18,2,2,4,0,1,0.055,10
0,23,2,2,1,219,6,1,3,1,1,0.041,1
0,22,2,2,1,186,4,1,4,0,0,0.195,3
0,54,1,2,4,186,5,3,3,0,1,0.175,4
0,44,2,1,1,133,6,1,1,0,1,0.086,9
0,60,1,1,4,181,6,1,1,0,1,0.199,9
0,54,2,1,4,87,2,1,3,0,0,0.027,2
0,33,1,1,1,254,3,2,2,1,1,0.139,3
0,62,1,2,1,194,4,1,3,0,1,0.184,5
0,35,2,1,3,124,5,3,4,1,0,0.156,5
0,46,2,2,1,155,0,1,1,0,0,0.083,1
1,52,1,1,1,124,1,3,1,0,0,0.128,10
0,57,1,1,1,88,7,1,4,1,0,0.1,6
0,62,1,2,5,107,4,3,1,1,1,0.087,3
0,38,2,1,3,126,4,3,4,0,0,0.146,2
0,28,1,1,1,174,1,3,1,0,1,0.088,1
1,61,2,1,1,103,1,1,4,0,0,0.117,8
0,41,1,1,4,61,3,2,4,1,1,0.128,6
0,41,2,2,1,246,2,1,3,0,1,0.184,3
1,21,2,3,3,215,4,1,3,1,1,0.057,6
0,67,2,1,1,186,2,3,3,0,1,0.069,1
0,54,1,2,3,164,3,1,2,0,1,0.019,3
0,47,2,2,4,210,6,2,1,1,1,0.1,8
0,44,2,1,1,184,7,1,1,0,1,0.142,5
0,42,2,3,2,-21,2,1,4,1,0,0.122,1
0,31,1,1,3,100,7,1,3,0,0,0.036,8
0,43,2,1,4,104,7,2,4,0,0,0.086,9
0,37,1,2,1,171,6,3,1,0,1,0.167,8
0,43,1,1,1,160,2,2,1,0,1,0.062,5
0,28,1,2,1,237,3,3,2,0,1,0.09,5
0,41,2,1,4,197,2,1,3,0,0,0.14,2
1,31,2,3,2,258,5,1,1,0,0,0.186,8
0,55,2,1,4,163,1,3,1,1,1,0.155,2
1,47,2,1,2,127,4,1,1,0,1,0.153,9
0,64,1,1,3,162,7,1,4,1,1,0.112,8
0,67,1,1,1,132,2,3,3,1,1,0.192,7
0,34,1,1,1,235,7,3,3,1,1,0.091,3
1,32,1,3,3,252,6,1,4,1,1,0.013,10
0,61,2,3,1,254,4,2,2,0,1,0.118,1
1,57,2,1,3,161,5,2,1,0,1,0.118,7
0,63,2,1,2,112,5,1,3,1,0,0.103,1
0,63,1,2,2,245,6,2,3,0,0,0.118,2
1,59,1,3,1,216,9,1,4,0,1,0.062,10
0,36,1,2,4,248,4,1,1,1,0,0.143,10
0,56,2,2,1,130,1,2,4,0,0,0.106,2
0,56,1,1,2,277,4,2,2,0,1,0.028,7
1,51,1,1,5,80,2,3,4,1,0,0.02,8
1,61,2,2,2,201,4,2,1,0,1,0.032,9
1,39,1,2,1,215,1,2,1,0,1,0.103,9
1,41,1,2,1,182,5,1,1,0,1,0.163,9
1,23,1,1,1,137,6,1,2,1,1,0.136,6
0,40,2,1,1,236,3,3,1,1,0,0.071,1
1,51,3,1,1,152,3,1,3,0,1,0.142,3
0,68,3,2,3,230,7,1,3,1,0,0.1,4
1,57,1,1,5,123,2,2,1,0,1,0.066,8
1,47,1,1,1,197,7,2,1,0,1,0.068,8
0,28,2,1,5,172,2,3,2,1,1,0.121,5
0,57,2,1,1,110,3,2,1,0,0,0.097,1
0,48,1,1,4,235,7,2,2,1,0,0.179,3
0,43,2,2,1,68,4,3,1,0,1,0.167,6
0,25,1,1,1,188,6,1,4,0,0,0.101,2
1,30,1,1,1,230,5,1,2,1,1,0.1,9
1,41,2,1,2,289,0,1,2,0,0,0.171,10
0,27,1,1,5,207,3,2,1,1,0,0.016,5
0,24,2,1,1,183,5,2,3,0,0,0.155,2
1,36,1,1,1,226,7,2,2,0,1,0.126,7
0,31,1,1,2,184,3,2,4,0,1,0.197,5
1,40,1,1,2,164,1,2,4,0,1,0.007,10
0,54,1,1,2,238,7,1,1,0,0,0.042,2
0,62,1,3,2,58,4,1,1,0,0,0.102,9
0,31,1,3,1,117,6,1,2,0,0,0.056,4
0,55,1,1,2,186,7,2,2,1,1,0.171,8
0,39,1,1,1,177,4,1,2,0,1,0.027,1
1,21,1,1,5,252,4,2,4,0,0,0.147,10
0,61,2,1,1,139,2,1,4,0,1,0.163,2
1,57,2,1,1,172,5,2,1,0,1,0.184,2
0,42,2,2,2,105,5,1,2,0,0,0.096,7
0,37,2,2,1,302,2,1,2,0,0,0.013,5
1,51,1,1,4,237,4,3,4,0,1,0.162,10
1,20,1,1,1,202,6,1,3,0,1,0.088,8
1,21,1,2,2,203,5,3,2,0,0,0.041,5
0,24,1,1,2,243,3,1,1,0,0,0.157,10
1,61,2,1,1,225,6,1,2,0,0,0.145,1
0,36,1,2,1,71,1,1,3,0,1,0.083,4
0,63,1,3,1,160,3,2,1,1,1,0.069,10
0,49,1,1,4,92,1,3,4,1,1,0.107,3
0,59,1,3,1,221,5,2,3,0,1,0.031,6
0,44,1,1,1,253,5,3,1,0,1,0.148,4
0,63,2,3,1,149,5,1,4,1,1,0.041,5
0,18,1,1,1,234,5,1,1,1,0,0.008,1
0,57,1,1,2,284,1,2,4,0,0,0.107,6
0,63,1,1,2,308,3,2,3,0,0,0.171,1
1,34,3,1,1,143,2,2,1,0,0,0.038,2
0,37,1,2,1,333,9,1,4,0,1,0.154,1
0,30,1,2,1,246,5,1,4,0,0,0.089,8
0,23,2,1,5,191,4,1,4,0,0,0.067,1
1,32,1,1,1,342,3,1,3,1,1,0.172,6
1,20,2,2,2,240,8,1,3,0,1,0.089,4
0,24,1,1,1,203,4,3,3,0,1,0.089,1
0,60,2,2,1,111,3,1,4,1,0,0.167,3
0,42,2,2,4,170,5,1,4,0,0,0.084,5
0,64,2,2,2,187,8,2,1,0,1,0.185,5
0,57,2,1,2,169,4,1,1,0,1,0.195,2
1,19,1,1,4,193,1,1,1,0,0,0.163,9
0,30,1,3,1,149,6,1,1,0,0,0.125,3
1,24,1,3,4,68,3,2,1,0,0,0.129,4
1,52,1,1,3,238,4,2,2,1,1,0.05,4
0,70,2,3,1,161,6,2,1,0,1,0.042,4
1,39,2,1,2,183,4,2,1,0,1,0.155,7
0,62,1,3,1,203,4,1,1,0,1,0.002,1
0,51,1,3,4,136,5,1,1,0,0,0.071,2
1,24,2,2,2,220,3,3,3,0,1,0.126,9
0,53,2,1,2,261,2,1,4,0,1,0.144,4
1,22,1,2,1,163,1,3,2,0,1,0.197,1
0,31,1,3,3,121,5,2,3,0,1,0.104,1
1,47,2,1,3,181,1,3,3,0,1,0.169,2
1,26,1,2,1,139,6,3,3,0,0,0.075,2
0,69,1,1,3,72,5,1,1,0,1,0.192,8
0,50,1,1,1,143,6,2,1,0,0,0.196,2
0,23,1,1,1,179,0,1,4,0,1,0.074,3
1,45,2,2,3,257,4,1,1,1,0,0.186,10
0,28,2,1,2,202,3,2,4,0,0,0.122,10
0,69,2,1,2,218,2,2,1,0,0,0.084,2
0,25,2,1,1,201,3,2,4,0,0,0.145,6
0,42,1,1,1,108,3,1,3,0,1,0.01,5
0,39,1,1,1,277,3,1,1,1,1,0.09,9
0,67,2,2,4,208,3,3,3,0,0,0.065,1
0,57,2,1,2,194,2,2,3,1,1,0.076,5
1,34,2,2,3,218,7,1,2,0,1,0.169,7
0,52,2,1,4,226,2,2,4,0,0,0.116,9
0,67,1,1,1,147,3,2,1,1,1,0.07,6
0,28,1,2,3,266,2,2,2,0,0,0.127,1
0,40,2,2,1,130,5,2,1,0,0,0.041,5
0,65,2,1,1,151,4,2,3,1,0,0.032,9
0,30,1,1,1,194,1,2,1,0,0,0.057,7
0,18,2,2,1,180,6,2,3,0,0,0.026,10
0,26,2,1,1,78,4,1,1,1,1,0.06,3
1,26,2,1,1,247,2,2,1,0,0,0.012,5
0,66,3,3,1,298,3,1,1,0,0,0.094,3
0,42,2,2,1,252,5,1,1,0,0,0.004,3
0,19,2,3,2,178,1,2,1,0,0,0.046,7
0,40,1,1,5,77,6,1,1,0,0,0.186,10
0,54,2,1,3,162,3,3,1,0,0,0.018,10
0,32,2,2,1,30,0,3,4,0,1,0.103,5
1,28,2,1,1,210,2,2,3,0,0,0.077,8
0,29,2,1,3,244,4,3,3,0,0,0.174,3
0,67,1,1,2,212,4,1,1,0,1,0.006,1
1,28,2,1,2,144,5,1,3,0,1,0.07,10
1,42,2,2,4,211,7,1,1,0,0,0.198,6
1,23,1,1,1,251,2,2,3,1,1,0.09,2
1,36,2,1,1,259,5,3,3,0,1,0.041,10
1,37,2,2,4,175,3,1,4,0,1,0.163,2
0,46,3,2,2,158,3,1,1,0,1,0.101,10
0,41,1,2,1,117,7,2,4,0,0,0.168,10
1,23,2,1,4,193,3,1,3,0,1,0.155,4
0,39,2,1,1,138,3,1,1,1,0,0.065,4
0,33,1,1,1,110,4,2,4,0,0,0.091,10
0,23,1,1,2,192,4,2,3,1,1,0.063,7
0,18,1,1,1,139,2,3,1,1,0,0.118,6
