Id,DyadType,Name,ID_CHILD,SOURCE,FG1,FG2,FG3,FG4,FG5,FG6,BG1,BG2,BG3,BG4,BG5,C1,C2,C3,C4,C5,R1,R2,R3,R4,R5,CT1,CT2,CT3,CT4,CT5,CT6,S1,S2,S3,S4,S5,SIMILAR1,SIMILAR2,SIMILAR3,SIMILAR4,SIMILAR5,STR_REL1,IDENT1,IDENT2,IDENT3,EXPERT1,EXPERT2,EXPERT3,MODEL1,MODEL2,MODEL3,MODEL4,COMM1,COMM2,COMM3,COMM4,COMM5,COMM6,COMM7,COMM8,COMM9,COMM10,PURCOMM1,PURCOMM2,PURCOMM3,PURCOMM4,PURCOMM5,PURCOMM6,TRAIN1,TRAIN2,TRAIN3,TRAIN4,LEARN1,LEARN2,LEARN3,FG_COMM,FG_INFL,B_COMM,B_INFL,C_COMM,C_INFL,R_COMM,R_INFL,CT_COMM,CT_INFL,SH_COMM,SH_INFL,COSHOP1,COSHOP2,COSHOP3,COVIEW1,COVIEW2,COVIEW3,COVIEW4,COVIEW5,P_COMM1,P_COMM2,P_COMM3,P_COMM4,P_COMM5,SUS1,SUS2,SUS3,SUS4,SUS5,SUS6,SUS7,SUS8,SUS9,SUS10,SUS11,SUS12,LIVE,LIVEAWAY,TIMEHOME,AGE,GENDER,INCOME,BROTHER,SISTER,B_ORDER,SEPARATO,ID_PAREN,P_FG1,P_FG2,P_FG3,P_FG4,P_FG5,P_FG6,P_BG1,P_BG2,P_BG3,P_BG4,P_BG5,P_C1,P_C2,P_C3,P_C4,P_C5,P_R1,P_R2,P_R3,P_R4,P_R5,P_CT1,P_CT2,P_CT3,P_CT4,P_CT5,P_CT6,P_S1,P_S2,P_S3,P_S4,P_S5,NURTURE1,NURTURE2,NURTURE3,NURTURE4,NURTURE5,NURTURE6,NURTURE7,NURTURE8,NURTURE9,FAMCOMM1,FAMCOMM2,FAMCOMM3,FAMCOMM4,FAMCOMM5,FAMCOMM6,FAMCOMM7,TRAINING,TRAINI_A,TRAINI_B,P_TRAIN1,P_TRAIN2,P_TRAIN3,P_TRAIN4,P_TRAIN5,P_TRAIN6,P_TRAIN7,P_TRAIN8,P_LIVE,P_LVEAWY,P_TIME,GENETIC,MARITAL,AGE2,GENDER2,INCOME2
1,fd,John Doe,fd002,1,4,4,4,3,5,2,3,6,5,5,4,4,2,4,4,4,6,6,4,4,5,2,1,1,1,1,1,6,2,3,4,3,3,2,4,2,4,3,3,3,3,3,5,7,4,4,3,3,3,5,4,4,3,3,5,5,4,4,5,1,1,1,1,1,4,4,3,3,3,2,1,1,1,3,4,4,5,2,2,3,3,4,4,4,2,3,4,4,1,7,5,7,7,5,5,7,5,2,2,2,2,2,5,5,5,7,6,4,2,2,1,21,2,2,3,2,1, ,fd002,7,7,7,7,7,7,7,7,7,7,7,5,1,5,5,5,7,7,7,7,7,1,1,1,1,1,1,6,7,7,7,6,5,5,6,7,6,5,6,7,7,1,3,1,5,1,5,7,7,7,7,7,7,7,7,7,7,7,7,1,99,1,3,1,3,1,1
2,fd,John Doe,fd003,1,7,4,5,3,6,5,7,7,6,7,2,7,5,5,7,3,6,7,5,5,5,1,1,1,1,1,2,7,6,7,7,6,0,4,5,6,4,5,4,5,4,7,5,4,1,1,1,5,6,5,2,3,7,2,7,7,7,6,7,7,7,2,7,7,1,1,1,1,1,1,1,1,2,1,1,1,1,1,1,1,1,1,1,3,7,7,5,5,2,7,5,1,6,7,7,2,1,1,2,1,2,5,1,3,2,2,2,1,2,4,1,23,2,3,2,1,3, ,YYYY,99,99,99,99,99,99,99,99,99,99,99,99,99,99,99,99,99,99,99,99,99,99,99,99,99,99,99,99,99,99,99,99,99,99,99,99,99,99,99,99,99,99,99,99,99,99,99,99,99,99,99,99,99,99,99,99,99,99,99,99,99,99,99,99,99,99,99
3,fd,John Doe,fd020,1,5,3,5,5,5,5,5,6,5,5,2,5,1,5,4,4,6,5,5,4,3,1,1,1,1,1,1,5,5,5,5,6,5,2,4,1,4,5,4,4,3,4,5,5,1,3,1,2,5,5,2,5,4,4,5,5,5,5,4,1,1,1,1,1,1,1,1,1,1,1,1,1,1,3,3,1,1,2,2,1,1,3,3,2,3,3,6,5,2,2,2,3,2,3,6,1,2,4,4,5,4,4,1,1,1,6,6,6,2,6,99,24,2,3,2,0,3, ,YYYY,99,99,99,99,99,99,99,99,99,99,99,99,99,99,99,99,99,99,99,99,99,99,99,99,99,99,99,99,99,99,99,99,99,99,99,99,99,99,99,99,99,99,99,99,99,99,99,99,99,99,99,99,99,99,99,99,99,99,99,99,99,99,99,99,99,99,99
4,fd,John Doe,fd021,1,7,5,5,6,7,5,7,7,7,7,6,7,5,6,7,6,7,4,5,5,1,4,1,1,1,1,1,7,6,4,6,6,5,6,5,4,4,6,5,6,4,5,3,3,1,5,1,4,6,7,7,5,6,6,6,7,5,5,5,3,7,3,4,7,1,4,4,4,3,5,6,1,1,5,7,4,5,5,5,3,4,7,7,5,5,7,7,7,3,4,2,6,3,7,4,1,2,1,2,2,1,1,4,1,5,6,4,4,2,4,2,21,2,2,0,1,1, ,fd021,7,5,4,5,7,4,7,6,4,6,6,2,1,4,2,3,7,5,4,6,5,1,2,1,1,1,1,6,4,5,5,4,6,7,7,7,7,7,7,7,7,2,4,5,7,3,4,5,5,7,4,7,6,3,4,4,5,5,3,2,4.5,99,1,1,4,1,2
5,fs,John Doe,fs020,1,5,4,3,3,3,3,4,4,4,5,3,2,2,2,2,2,6,2,1,2,1,3,4,2,2,2,3,4,3,2,4,3,3,5,5,4,4,5,5,4,4,3,3,7,1,4,5,5,5,6,7,6,5,4,6,6,5,4,7,5,3,3,5,2,1,4,3,3,5,1,2,2,2,3,3,1,1,3,4,2,6,7,7,2,2,2,5,4,3,3,2,5,4,4,4,3,6,2,1,1,2,3,2,2,1,6,5,2,2,7,99,25,1,2,1,1,1, ,YYYY,99,99,99,99,99,99,99,99,99,99,99,99,99,99,99,99,99,99,99,99,99,99,99,99,99,99,99,99,99,99,99,99,99,99,99,99,99,99,99,99,99,99,99,99,99,99,99,99,99,99,99,99,99,99,99,99,99,99,99,99,99,99,99,99,99,99,99
6,fs,John Doe,fs021,1,5,4,3,4,4,3,5,5,5,5,5,4,1,5,4,4,6,5,5,5,5,4,4,3,3,4,7,7,7,4,7,6,6,6,7,2,4,7,7,7,6,7,7,7,6,7,1,7,7,3,4,6,7,7,7,2,3,7,5,4,7,6,4,2,7,7,7,2,2,2,2,2,1,6,3,6,3,2,1,2,1,7,6,7,6,7,7,7,2,7,1,2,2,5,1,1,1,3,1,1,5,1,6,1,1,6,6,5,1,99,1,21,1,2,1,3,3, ,fs021,6,6,7,7,7,6,7,7,7,7,5,5,2,7,4,6,7,6,7,5,6,4,4,4,4,4,5,7,7,7,7,6,4,5,7,7,7,7,7,7,7,4,1,7,7,5,4,7,7,7,7,7,5,7,5,6,4,7,5,2,4,99,1,2,3,1,3
7,md,John Doe,md051,1,5,5,2,2,2,2,2,5,2,4,5,6,3,5,4,4,5,3,2,4,4,1,1,1,2,3,1,6,2,4,5,5,4,3,3,4,2,6,3,3,2,4,2,2,5,2,1,1,6,7,4,6,99,3,4,5,6,4,6,5,1,1,1,1,3,2,4,4,2,1,1,1,1,3,2,4,5,1,1,2,1,2,2,6,6,6,1,2,6,3,5,4,2,5,2,1,6,1,1,1,1,1,1,1,1,4,3,3,2,30,99,35,2,2,5,4,5, ,YYYY,99,99,99,99,99,99,99,99,99,99,99,99,99,99,99,99,99,99,99,99,99,99,99,99,99,99,99,99,99,99,99,99,99,99,99,99,99,99,99,99,99,99,99,99,99,99,99,99,99,99,99,99,99,99,99,99,99,99,99,99,99,99,99,99,99,99,99
8,md,John Doe,md052,1,6,6,3,3,6,1,1,1,1,1,2,1,1,1,1,1,6,5,2,5,4,1,1,1,1,1,1,7,3,3,3,2,3,3,5,3,3,6,5,5,3,5,3,5,1,1,1,4,6,6,7,6,6,3,6,6,5,3,6,1,5,2,5,5,1,1,1,1,2,1,5,1,1,3,1,1,4,1,1,1,1,5,6,7,7,7,5,5,1,1,1,1,1,5,1,1,5,2,1,2,2,1,7,6,7,7,7,7,2,0.33,99,21,2,2,1,1,1, ,md052,6,3,4,5,6,3,6,6,6,7,4,4,1,5,3,5,5,3,3,5,2,1,2,2,2,2,2,6,5,1,4,6,3,6,6,6,6,3,5,5,6,1,1,1,1,1,1,1,1,7,1,6,6,1,1,1,5,4,4,2,0.5,1,1,1,3,2,2
9,md,John Doe,md053,1,7,7,7,7,7,4,7,7,7,7,6,6,4,6,5,4,7,5,4,3,1,6,3,3,6,5,3,7,7,7,7,7,6,6,7,6,6,7,7,7,6,7,7,7,7,7,4,7,7,7,7,7,7,6,7,7,7,7,7,7,7,7,7,7,7,7,7,4,7,7,7,2,4,7,7,7,7,4,4,4,4,7,7,5,7,7,7,7,2,2,2,5,2,5,5,2,1,1,1,1,5,2,4,4,4,4,4,3,2,2,99,20,2,1,0,1,1, ,md053,4,3,2,1,5,4,6,6,6,7,6,6,2,4,4,1,1,1,2,2,1,1,1,1,1,1,1,4,3,5,4,3,6,6,6,7,7,5,7,7,7,1,1,1,1,2,1,4,7,7,7,7,6,4,3,5,7,3,1,1,2.5,99,1,1,3,2,2
10,md,John Doe,md054,1,7,7,5,6,6,6,7,7,7,7,6,7,2,7,7,6,7,5,5,3,4,5,2,2,2,3,5,7,7,6,7,7,7,6,4,6,5,6,7,6,6,6,7,7,7,7,6,7,3,3,4,4,2,5,4,3,3,3,7,5,5,5,6,6,7,7,7,7,4,6,7,4,4,7,7,7,7,4,3,7,2,7,7,1,1,1,3,4,1,3,1,6,3,7,3,2,3,4,3,2,2,2,1,2,3,6,4,6,1,99,1,22,2,2,0,99,99, ,md054,7,6,5,5,5,5,7,6,6,6,3,7,7,7,7,6,7,7,5,6,6,6,4,4,6,6,2,4,5,4,4,4,6,6,6,7,7,5,6,7,7,1,1,1,7,1,4,6,7,7,7,7,7,7,7,7,4,7,7,1,99,2,1,2,3,2,3
11,md,John Doe,md055,1,7,6,2,4,2,2,7,6,6,7,2,6,2,5,5,6,6,5,2,4,3,3,3,1,4,5,5,4,4,3,3,5,2,3,1,5,5,3,2,2,1,4,6,6,5,2,1,7,7,2,5,5,2,1,1,4,2,1,6,6,4,1,1,2,1,1,1,1,1,1,1,1,1,2,5,2,3,1,1,1,1,1,2,3,6,4,5,5,1,2,1,5,1,5,4,2,1,1,1,1,1,1,5,1,1,6,4,6,2,5,99,24,2,2,1,0,2, ,YYYY,99,99,99,99,99,99,99,99,99,99,99,99,99,99,99,99,99,99,99,99,99,99,99,99,99,99,99,99,99,99,99,99,99,99,99,99,99,99,99,99,99,99,99,99,99,99,99,99,99,99,99,99,99,99,99,99,99,99,99,99,99,99,99,99,99,99,99
12,md,John Doe,md056,1,5,5,3,3,3,3,3,5,3,4,5,3,2,4,2,2,5,3,3,3,3,3,5,3,3,5,4,5,3,3,3,3,5,5,4,3,3,6,5,5,4,4,4,4,1,2,2,2,6,6,4,5,6,5,6,4,6,5,6,6,5,6,6,6,1,1,1,1,2,2,5,2,2,2,2,2,2,2,2,5,3,2,2,7,7,7,4,4,3,6,1,2,2,3,2,1,1,1,1,1,1,1,1,1,1,3,1,1,1,99,2,21,2,99,0,0,99, ,md056,1,1,1,1,1,1,7,7,2,7,7,4,1,4,2,1,7,7,1,1,4,1,1,1,1,1,1,7,1,7,1,1,7,7,7,7,7,6,7,7,7,1,1,1,1,1,1,1,1,7,7,7,4,1,1,4,1,1,1,1,99,2,1,1,3,2,2
13,ms,John Doe,ms013,1,7,5,4,4,6,4,6,5,4,4,4,1,1,1,1,1,3,4,1,1,1,2,4,4,4,5,2,5,3,4,5,4,4,3,5,3,3,5,4,4,4,5,6,6,4,4,4,3,3,5,4,4,2,3,5,3,3,2,3,2,5,5,4,4,5,5,4,5,3,3,4,4,4,5,3,5,4,5,3,4,3,5,4,5,5,6,3,3,5,5,4,3,3,4,4,3,1,4,1,3,3,3,4,4,3,4,4,4,1,99,1,23,1,3,1,1,3, ,ms013,7,7,7,7,1,7,7,7,7,7,7,7,7,7,7,7,7,4,6,1,4,7,7,7,7,7,7,7,7,7,7,7,7,7,7,7,7,7,7,7,7,7,7,7,7,7,7,7,7,7,7,7,7,7,7,7,7,7,7,1,99,3,1,1,3,2,3
14,ms,John Doe,ms031,1,3,1,2,1,1,1,4,3,1,4,4,1,1,5,3,2,7,5,4,3,4,1,1,1,1,3,1,6,3,4,4,4,5,4,3,5,4,7,5,5,5,6,5,7,2,3,1,2,5,4,7,7,6,3,7,4,7,4,5,5,6,1,7,6,6,5,5,4,1,3,1,4,1,5,1,6,2,6,5,1,1,3,1,3,5,5,5,6,1,7,5,4,1,4,1,1,1,2,1,2,2,1,1,2,1,3,1,3,1,99,2,21,1,3,0,1,2, ,ms031,7,6,4,4,6,5,5,5,5,5,1,7,7,7,6,6,7,5,5,4,1,4,1,4,1,3,3,6,4,5,5,5,4,7,7,7,7,5,7,7,7,4,7,6,7,7,6,6,7,7,7,7,7,7,7,7,7,7,7,2,3.5,3,1,1,5,2,3
15,ms,John Doe,ms032,1,5,5,2,2,5,2,6,5,2,5,5,5,1,5,4,4,7,4,1,6,7,5,2,1,4,5,4,6,1,1,1,1,4,5,4,3,4,7,5,6,5,6,6,6,5,2,1,1,7,7,7,7,7,7,7,7,7,7,7,3,1,4,6,7,2,2,4,1,1,1,5,5,1,5,2,6,1,7,7,4,1,5,1,1,1,1,1,1,5,6,2,1,1,1,1,1,1,1,1,1,1,1,1,1,1,4,1,1,2,5,99,23,1,99,1,0,2, ,YYYY,99,99,99,99,99,99,99,99,99,99,99,99,99,99,99,99,99,99,99,99,99,99,99,99,99,99,99,99,99,99,99,99,99,99,99,99,99,99,99,99,99,99,99,99,99,99,99,99,99,99,99,99,99,99,99,99,99,99,99,99,99,99,99,99,99,99,99
16,ms,John Doe,ms033,1,6,5,4,5,6,3,7,6,5,6,4,2,1,2,1,2,5,3,3,5,3,4,2,1,4,5,5,6,3,4,5,3,5,4,5,3,3,7,5,6,5,4,5,6,2,5,2,6,7,7,6,5,5,7,6,5,6,5,6,4,1,5,5,5,2,5,6,3,2,2,2,4,4,6,6,2,2,3,2,2,2,6,6,2,1,6,6,7,6,6,5,5,5,6,2,3,1,2,4,2,6,6,5,5,4,7,6,5,2,3.5,99,21,1,3,0,1,1, ,ms033,7,6,6,4,6,6,7,7,6,6,7,3,1,3,2,1,7,5,4,4,4,1,1,1,1,1,1,6,6,4,6,6,6,7,6,7,7,6,6,7,7,1,1,1,1,2,1,1,5,6,6,7,7,1,6,6,4,7,4,2,3,99,1,1,3,2,2
17,ms,John Doe,ms034,1,1,1,1,1,1,1,3,4,2,2,6,1,1,1,1,1,1,1,1,1,5,1,1,1,1,1,1,5,2,2,5,3,5,6,5,7,4,5,5,5,3,7,7,5,1,1,1,1,7,5,4,4,6,7,5,5,4,4,7,7,7,2,7,7,1,1,1,1,1,1,5,1,1,5,5,1,7,2,2,1,5,7,7,2,3,7,7,7,1,4,1,5,1,5,1,1,1,7,5,1,5,5,3,5,5,7,4,7,2,99,99,23,1,3,0,1,1, ,ms034,1,1,1,3,3,1,1,2,2,2,4,1,1,1,1,1,4,2,4,2,4,1,1,1,1,1,1,7,3,3,7,4,7,7,7,7,7,7,7,7,7,1,7,7,7,7,1,7,3,7,5,7,7,1,3,5,4,4,2,2,5,99,1,3,4,2,3
18,ms,John Doe,ms035,1,7,2,4,5,6,3,6,6,6,6,6,4,1,6,6,1,7,7,5,5,3,5,5,2,2,7,3,6,2,2,2,2,1,1,1,1,1,6,1,6,1,1,7,7,1,1,1,1,1,4,1,7,1,1,7,5,3,1,1,4,4,7,1,7,1,1,1,1,1,1,1,1,1,1,1,1,1,1,1,1,1,1,1,1,1,1,4,5,4,6,1,1,6,6,1,1,5,7,5,1,7,7,5,6,7,7,7,5,2,6,2,23,1,3,1,0,2, ,YYYY,99,99,99,99,99,99,99,99,99,99,99,99,99,99,99,99,99,99,99,99,99,99,99,99,99,99,99,99,99,99,99,99,99,99,99,99,99,99,99,99,99,99,99,99,99,99,99,99,99,99,99,99,99,99,99,99,99,99,99,99,99,99,99,99,99,99,99
19,ms,John Doe,ms036,1,7,7,6,6,6,5,4,3,4,5,4,2,1,5,5,2,7,6,4,3,7,3,3,1,4,4,2,6,6,6,6,5,5,4,5,2,2,4,4,5,3,5,4,4,1,2,1,1,7,7,6,7,7,4,4,4,5,6,1,3,1,2,2,3,1,1,1,1,1,1,1,2,2,2,2,2,2,2,2,2,2,2,2,2,2,4,6,6,2,5,2,1,1,1,1,1,3,5,5,4,4,3,4,1,3,5,5,5,2,2,1,21,1,2,1,0,2, ,ms036,7,7,6,7,6,7,6,5,5,6,4,5,3,5,5,4,6,6,5,6,7,3,3,3,4,4,2,5,5,6,6,5,3,7,6,7,7,5,5,6,6,4,4,4,5,4,4,5,2,6,6,7,5,4,5,6,6,6,5,1,2,2,1,2,3,2,2
20,ms,John Doe,ms037,1,4,2,1,4,1,3,7,6,3,5,5,6,1,7,6,4,3,3,1,1,3,1,1,1,1,3,3,6,5,6,7,7,1,4,1,1,2,1,2,5,2,7,5,6,1,2,1,5,6,4,1,1,1,1,5,1,1,1,2,1,1,5,1,1,1,2,2,1,1,1,1,1,1,6,5,1,1,1,1,1,1,4,2,1,1,1,5,6,1,6,7,1,1,1,1,1,2,1,2,1,6,3,7,2,6,6,2,5,1,99,1,25,1,1,3,2,4, ,YYYY,99,99,99,99,99,99,99,99,99,99,99,99,99,99,99,99,99,99,99,99,99,99,99,99,99,99,99,99,99,99,99,99,99,99,99,99,99,99,99,99,99,99,99,99,99,99,99,99,99,99,99,99,99,99,99,99,99,99,99,99,99,99,99,99,99,99,99
21,fs,John Doe,fs005,2,4,2,2,5,4,4,5,4,4,5,4,4,1,2,2,3,7,5,4,4,3,1,3,4,1,1,4,4,2,4,4,4,5,6,5,6,5,7,7,7,6,1,4,3,2,2,1,4,6,5,6,6,7,7,7,6,5,5,2,1,5,4,1,1,1,1,3,1,2,1,2,3,2,2,2,2,2,3,3,1,1,5,5,5,4,4,6,6,2,2,1,6,5,6,5,1,4,3,4,3,5,4,1,3,3,5,4,5,2,1,1,22,1,3,0,2,2, ,fs005,2,2,3,3,3,3,3,3,3,3,5,2,1,3,2,2,7,5,4,4,4,1,1,1,1,1,6,3,3,3,3,3,6,7,7,7,7,5,7,6,7,1,3,5,7,7,4,5,5,7,7,7,7,4,4,4,5,5,4,2,2,99,1,1,3,1,3
22,md,John Doe,md029,2,5,3,2,2,3,2,3,3,3,4,5,4,3,3,2,2,6,4,3,3,4,3,2,2,4,3,3,3,2,4,3,3,5,5,4,5,4,6,5,7,6,6,6,6,5,3,3,3,7,6,5,5,6,6,6,6,5,5,6,7,5,5,6,6,4,4,4,4,4,5,4,3,3,4,4,4,3,3,5,2,5,4,5,6,6,5,6,6,4,7,6,3,4,3,4,2,4,3,3,2,4,4,4,4,3,5,5,3,2,2.5,99,21,2,3,1,1,3, ,md029,5,5,4,5,5,4,6,6,6,6,5,7,5,5,4,4,6,5,5,4,4,4,3,1,1,2,2,6,5,5,5,4,6,6,6,7,7,7,7,7,7,3,2,3,5,3,2,3,4,6,5,7,7,6,6,5,4,6,4,2,2.5,99,1,1,3,2,3
23,md,John Doe,md030,2,4,4,2,3,4,2,4,4,4,4,3,4,1,2,2,2,5,4,4,3,5,1,2,2,2,2,1,4,5,4,4,5,7,5,5,1,3,6,7,7,5,4,4,4,2,2,2,2,7,7,7,7,7,5,7,7,7,7,7,7,6,7,6,6,2,2,2,2,1,1,4,4,3,3,3,1,2,4,4,1,1,5,4,7,6,7,7,7,4,5,5,4,2,3,3,1,7,7,7,7,7,7,1,3,2,5,4,4,2,3,99,22,2,2,1,99,2, ,md030,6,6,5,5,5,5,6,6,6,6,5,1,1,4,2,3,7,4,4,3,4,1,2,1,1,1,1,5,5,5,5,5,5,6,7,6,6,6,5,5,6,1,1,1,2,2,1,1,1,7,4,6,7,5,5,6,5,5,2,2,3.5,99,1,3,4,2,2
24,md,John Doe,md031,2,7,7,3,4,6,3,5,5,2,5,4,6,2,6,5,5,6,5,3,5,6,1,1,1,1,1,1,5,1,2,2,2,6,6,6,6,5,7,6,7,6,6,5,5,4,4,4,5,7,7,7,7,7,7,7,7,7,7,7,7,7,6,5,4,5,5,5,4,5,2,5,3,2,5,4,4,4,1,1,1,1,6,4,7,7,7,2,2,6,1,3,2,1,2,1,1,2,2,2,2,3,3,3,3,3,5,4,5,2,1.5,99,21,2,2,2,2,1, ,md031,7,4,5,4,7,6,5,5,5,6,2,7,7,7,5,4,7,4,2,4,2,4,3,1,1,1,1,7,3,4,5,4,7,7,7,7,7,7,7,7,7,3,5,3,7,5,4,5,7,7,7,7,7,7,3,7,7,7,2,1,99,1,1,2,3,2,1
25,md,John Doe,md032,2,5,5,4,3,3,3,6,6,3,6,4,3,1,5,4,4,6,5,5,4,6,3,3,3,3,4,4,7,5,6,5,6,6,6,5,5,5,7,6,6,5,7,6,6,4,6,5,5,5,5,5,6,5,6,5,6,6,6,6,7,5,6,5,6,4,5,4,5,4,3,7,4,5,4,5,2,4,2,6,1,6,6,6,6,6,7,6,6,7,6,6,2,1,5,4,1,2,2,5,5,6,6,5,5,6,7,6,5,1,99,1,21,2,2,0,1,1, ,md032,6,6,5,5,4,4,6,6,5,6,3,5,4,5,5,5,6,6,5,5,6,5,5,5,4,4,4,7,6,6,6,6,7,6,5,7,6,7,7,7,7,2,3,3,6,5,3,3,4,6,5,6,7,5,5,5,7,6,5,1,99,2,1,1,3,2,1
26,md,John Doe,md033,2,7,6,4,3,7,5,6,6,5,7,6,7,5,7,5,5,7,3,3,6,6,2,3,2,2,2,2,6,3,3,4,3,5,6,6,4,3,5,5,5,5,4,6,7,7,7,5,7,5,5,5,5,6,5,5,7,5,5,4,4,2,2,3,5,4,6,4,4,5,5,5,4,4,4,4,4,4,4,4,1,1,6,6,7,7,7,6,6,4,6,7,3,2,3,6,1,1,1,1,1,2,2,3,5,4,6,6,2,2,3,2,22,2,3,2,0,3, ,md033,6,5,4,4,6,5,6,5,6,6,7,6,7,7,7,7,7,5,6,6,7,4,4,1,1,7,7,7,4,4,4,4,7,7,7,7,7,7,7,7,7,4,4,4,7,1,4,7,7,7,7,7,7,7,7,7,7,7,7,2,1.5,3,1,1,4,2,2
27,md,John Doe,md034,2,4,4,2,1,4,1,3,5,2,4,5,1,1,1,1,1,6,4,2,2,3,2,2,2,2,2,6,6,3,4,3,3,5,6,6,6,4,7,6,6,5,7,7,7,1,1,1,1,7,7,7,7,7,7,7,7,7,7,6,6,6,6,4,7,1,1,1,1,5,1,6,1,1,4,2,1,1,1,1,1,1,4,4,6,6,7,5,7,1,1,1,1,5,4,1,1,1,1,1,1,1,1,1,1,1,7,5,4,2,0.5,99,21,2,2,1,1,2, ,md034,4,4,2,2,5,2,2,2,2,2,6,2,2,2,2,2,4,5,2,2,2,1,1,1,1,1,1,5,2,4,2,3,6,6,6,6,6,6,4,6,6,1,2,2,3,4,1,1,1,7,4,7,7,1,1,4,6,4,1,1,0.5,2,1,3,4,2,2
28,md,John Doe,md035,2,6,6,4,4,5,4,5,5,4,5,6,4,1,3,2,3,6,5,4,4,5,3,3,2,1,5,6,5,3,4,5,4,3,4,5,4,4,5,4,5,2,7,7,7,5,2,2,3,5,4,5,4,5,3,4,3,3,3,6,4,2,3,3,4,5,5,4,3,3,3,7,3,4,5,4,4,4,2,3,1,1,6,6,7,5,5,5,5,1,2,2,5,4,3,1,1,1,1,1,1,1,1,1,1,1,4,2,3,1,99,2,21,2,3,0,0,99, ,md035,5,4,5,3,4,4,5,5,4,4,5,5,2,5,4,4,5,4,4,4,5,1,2,1,1,1,3,5,4,3,3,3,6,4,7,6,5,5,5,4,7,4,1,1,1,1,1,1,2,7,5,6,6,4,4,4,5,5,3,1,99,2,1,1,3,2,3
29,md,John Doe,md036,2,7,4,6,7,7,5,6,7,7,6,6,6,5,6,4,5,6,5,5,5,6,4,2,2,1,1,2,7,7,6,7,7,4,4,5,4,4,4,3,4,5,5,4,5,3,4,5,5,5,5,4,4,6,3,7,4,4,4,5,3,4,6,7,6,4,4,4,5,3,3,4,2,3,5,4,4,4,1,4,1,1,2,1,5,4,4,3,3,2,5,5,6,6,6,6,1,1,2,1,1,1,1,1,1,3,3,3,4,2,3,99,25,2,3,1,1,3, ,YYYY,99,99,99,99,99,99,99,99,99,99,99,99,99,99,99,99,99,99,99,99,99,99,99,99,99,99,99,99,99,99,99,99,99,99,99,99,99,99,99,99,99,99,99,99,99,99,99,99,99,99,99,99,99,99,99,99,99,99,99,99,99,99,99,99,99,99,99
30,ms,John Doe,ms006,2,4,4,5,2,4,2,5,5,5,5,5,2,1,1,1,1,4,4,4,4,4,4,4,4,4,4,4,5,6,6,6,6,7,7,6,5,5,7,6,6,6,7,7,7,1,4,4,4,7,7,7,7,6,7,7,7,7,7,6,7,1,1,4,4,1,4,1,1,1,1,1,1,1,2,2,1,1,5,6,1,1,6,7,7,7,3,4,4,4,4,7,5,1,5,4,1,5,7,7,1,7,6,4,5,5,5,4,2,1,99,3,21,1,3,1,2,4, ,ms006,4,4,3,1,3,4,4,5,3,4,4,5,4,6,7,4,7,7,4,6,3,1,1,1,1,1,1,6,2,4,4,6,4,7,4,6,5,1,6,7,7,1,1,2,4,1,1,1,4,6,4,7,4,6,3,3,4,4,5,1,99,2,1,1,4,2,3
31,ms,John Doe,ms014,2,7,5,7,5,6,3,7,4,3,6,4,5,1,4,3,2,1,2,2,1,1,4,1,1,1,2,1,7,6,6,5,5,6,6,5,4,6,6,5,5,4,5,3,3,1,1,1,2,6,6,6,4,5,6,7,4,4,5,3,1,1,3,4,5,1,2,2,1,1,3,1,3,3,5,4,4,3,1,1,1,1,5,5,7,7,7,7,7,3,2,4,6,5,6,1,1,1,1,2,2,4,1,2,3,5,6,6,5,2,3,99,29,1,3,1,1,1, ,YYYY,99,99,99,99,99,99,99,99,99,99,99,99,99,99,99,99,99,99,99,99,99,99,99,99,99,99,99,99,99,99,99,99,99,99,99,99,99,99,99,99,99,99,99,99,99,99,99,99,99,99,99,99,99,99,99,99,99,99,99,99,99,99,99,99,99,99,99
32,ms,John Doe,ms015,2,7,6,4,5,5,5,2,3,4,2,5,4,2,3,4,2,3,1,1,3,5,3,3,7,3,3,3,3,3,4,4,2,6,2,2,3,5,5,6,5,7,3,3,2,6,4,7,1,3,2,2,6,6,6,7,5,6,6,5,5,6,4,2,6,2,4,1,1,3,4,3,1,1,1,2,2,2,2,2,2,2,2,2,6,2,2,3,3,3,6,5,5,4,3,5,5,6,6,4,5,2,1,1,2,3,5,3,4,2,7,99,25,1,2,1,1,1, ,ms015,1,2,2,2,1,1,2,1,2,1,3,3,3,3,3,2,3,2,3,2,2,3,4,4,3,3,4,3,3,4,3,3,2,3,2,2,3,1,1,1,1,2,1,1,2,2,3,3,3,2,1,7,7,7,7,6,6,7,6,2,7,99,1,1,3,2,2
33,ms,John Doe,ms017,2,6,4,2,2,5,2,5,5,4,5,5,5,2,5,4,5,6,2,2,5,2,2,4,4,3,5,4,5,2,3,3,2,5,5,6,4,4,7,5,7,5,7,7,7,3,4,2,4,7,7,7,7,7,7,7,7,7,7,5,2,2,6,5,5,4,5,5,4,4,3,5,4,3,5,5,5,2,5,2,2,2,7,6,7,7,7,5,7,2,1,1,4,5,5,4,2,2,4,3,2,5,5,6,5,6,7,5,7,2,4,99,24,1,99,0,1,2, ,ms017,7,4,4,4,4,4,7,7,4,7,7,7,5,7,4,4,7,4,4,4,4,5,4,4,4,4,1,6,4,4,4,4,4,7,7,7,7,7,7,7,7,1,1,4,4,1,1,7,7,7,7,7,7,7,7,7,7,7,4,2,4,99,1,1,3,2,2
34,fd,John Doe,fd004,3,6,3,2,6,6,6,7,7,5,7,2,7,4,7,7,7,7,7,6,7,4,4,5,5,4,4,6,7,6,4,5,6,6,5,3,3,3,6,4,4,4,4,4,4,5,4,5,5,6,6,7,7,7,7,7,7,7,7,5,4,4,4,4,4,4,4,5,5,4,4,7,5,6,6,5,7,7,7,7,2,4,7,7,2,6,7,7,5,2,5,6,6,7,7,7,4,5,6,5,6,6,7,6,5,6,7,7,7,2,2,99,21,2,3,0,0,99, ,fd004,5,4,4,2,6,6,4,5,4,5,2,5,1,5,5,6,7,7,7,7,4,4,4,5,4,4,6,5,5,4,4,4,5,7,4,5,6,2,2,4,7,4,5,4,5,3,6,4,5,6,4,3,3,6,5,3,5,5,5,2,2,2,1,3,4,1,3
35,fd,John Doe,fd013,3,7,6,4,5,5,4,2,2,1,2,1,4,2,4,4,4,5,4,3,4,3,5,4,3,2,2,2,6,5,4,6,5,5,6,4,3,3,6,6,6,5,5,4,4,1,2,2,2,6,6,4,5,3,4,6,4,4,4,6,6,2,4,4,4,2,2,2,2,4,3,3,3,1,3,1,3,1,4,4,1,1,3,1,6,6,5,7,7,1,2,6,4,2,5,4,1,2,2,2,3,4,5,6,5,5,6,6,6,1,99,1,20,2,1,0,0,99, ,fd013,7,5,4,2,5,5,7,6,6,6,6,6,4,6,6,2,5,2,6,5,3,4,3,2,4,4,2,6,5,5,5,6,7,6,5,5,6,4,7,6,5,4,1,2,4,1,6,6,5,7,7,7,7,6,5,4,6,5,4,1,99,1,1,1,5,1,1
36,fd,John Doe,fd014,3,6,6,4,3,7,6,6,6,7,7,4,6,2,5,3,4,5,2,3,2,3,4,5,3,5,2,6,5,3,3,5,3,3,3,2,1,1,5,4,4,2,1,1,1,1,1,1,2,3,4,3,3,4,3,4,2,1,3,1,1,2,2,5,3,1,2,2,2,3,4,3,3,4,4,5,3,3,3,1,2,1,5,4,2,2,3,2,2,2,2,5,4,3,3,3,3,2,5,4,5,5,4,5,4,4,2,2,5,1,99,1,21,2,2,1,0,1, ,YYYY,99,99,99,99,99,99,99,99,99,99,99,99,99,99,99,99,99,99,99,99,99,99,99,99,99,99,99,99,99,99,99,99,99,99,99,99,99,99,99,99,99,99,99,99,99,99,99,99,99,99,99,99,99,99,99,99,99,99,99,99,99,99,99,99,99,99,99
37,fd,John Doe,fd016,3,6,6,6,6,6,6,5,5,5,5,3,4,4,4,4,4,4,4,4,4,4,1,1,1,1,1,1,7,7,7,7,7,7,7,7,5,5,5,5,5,5,7,6,6,6,6,6,6,2,2,2,4,1,2,2,4,2,2,7,7,7,7,7,7,6,6,6,6,4,7,7,6,6,7,7,7,7,1,1,1,1,6,6,1,1,7,2,4,1,1,1,4,4,4,4,4,1,4,2,1,4,7,4,4,4,4,4,4,2,2,99,19,99,2,1,2,1, ,fd016,7,6,6,6,6,6,7,7,7,7,7,7,5,7,4,4,4,4,4,4,4,1,1,1,1,1,1,7,7,7,7,7,7,7,7,7,7,5,7,7,7,4,7,7,7,7,7,7,7,7,7,7,6,7,6,7,7,7,1,2,2,99,1,1,3,1,2
38,fs,John Doe,fs006,3,7,5,2,3,6,4,6,6,4,5,5,5,2,5,6,5,7,6,4,5,5,1,3,1,1,1,1,5,3,4,4,3,4,5,3,2,2,6,5,5,4,2,5,4,3,5,2,2,7,5,4,7,7,4,7,7,6,6,7,2,2,4,6,5,1,1,2,2,1,3,1,3,1,3,2,1,1,2,1,1,1,2,2,5,6,6,4,5,2,4,5,2,5,5,99,4,3,5,6,3,5,4,5,4,5,7,6,5,1,99,2,20,1,1,0,1,2, ,YYYY,99,99,99,99,99,99,99,99,99,99,99,99,99,99,99,99,99,99,99,99,99,99,99,99,99,99,99,99,99,99,99,99,99,99,99,99,99,99,99,99,99,99,99,99,99,99,99,99,99,99,99,99,99,99,99,99,99,99,99,99,99,99,99,99,99,99,99
39,fs,John Doe,fs007,3,1,3,2,1,2,3,2,2,4,3,3,2,4,2,4,4,1,2,2,2,2,4,4,4,6,4,4,2,2,1,1,2,1,3,5,5,5,6,5,6,4,6,6,7,5,7,3,5,6,2,2,5,2,5,7,3,1,1,5,6,3,2,6,4,3,2,1,1,1,4,1,2,1,5,5,4,2,1,3,1,1,5,6,7,7,7,6,6,5,3,5,2,1,2,1,2,2,5,4,4,6,2,2,1,4,5,4,2,1,99,1,19,1,2,1,0,1, ,fs007,7,7,6,7,6,6,7,7,6,7,6,6,5,7,5,5,7,7,7,6,7,5,5,6,5,6,6,7,6,7,7,7,6,7,7,7,6,6,7,7,7,5,5,5,7,6,6,6,6,7,7,7,7,6,7,7,7,7,7,1,99,99,1,1,3,1,2
40,md,John Doe,md044,3,7,7,6,6,7,5,7,7,6,7,4,7,1,7,4,6,4,4,1,2,2,1,2,2,1,1,7,7,7,7,7,7,5,5,7,5,4,7,6,7,6,5,5,4,4,2,6,4,6,6,7,7,7,7,6,5,6,6,5,1,3,2,6,5,1,2,3,1,1,3,3,7,7,1,1,1,1,1,1,1,1,4,4,6,6,7,7,7,1,2,7,4,4,7,7,3,4,4,4,4,5,6,6,6,5,7,7,6,1,99,3,19,2,2,1,0,2, ,md044,4,4,5,1,4,5,6,6,4,5, ,2,2,2,2,1,1,1,1,1,7,4,4,4,4,4,4,7,7,7,7,7,7,7,7,7,7,7,7,7,7,4,4,4,4,4,4,4,2,2,2,2,2,2,2,4,4,4,4,1,99,3,1,1,4,2,2
41,md,John Doe,md045,3,7,7,6,1,6,2,5,5,5,5,5,5,5,5,5,5,7,7,6,7,7,4,4,4,4,4,4,6,6,4,6,4,3,3,5,3,3,7,3,5,3,6,6,6,5,5,5,5,7,7,7,7,7,7,7,7,7,7,7,7,7,7,7,7,5,5,5,5,5,5,6,6,5,6,6,6,6,6,6,2,2,7,7,7,7,7,5,5,1,1,1,4,4,5,4,4,2,2,2,2,2,2,5,5,5,5,5,5,1,99,1,19,2,1,1,1,1, ,md045,7,7,7,7,7,7,7,7,7,7,1,6,6,6,6,6,7,7,7,7,7,1,1,1,1,1,1,5,5,5,5,5,7,7,7,7,7,6,7,7,7,2,2,2,5,2,2,5,4,5,5,7,7,5,6,7,7,7,6,1,99,1,1,1,3,2,2
42,md,John Doe,md046,3,6,3,6,6,2,4,6,5,5,5,6,6,3,5,6,6,6,5,6,6,6,2,2,2,2,2,2,6,6,6,6,6,6,5,6,6,6,5,6,6,5,6,6,6,6,6,5,6,6,6,6,6,6,6,6,6,6,6,6,6,2,3,5,3,6,6,6,6,5,6,6,4,4,6,6,6,6,2,2,2,2,6,6,6,6,6,6,6,2,2,2,5,6,6,6,2,2,2,2,2,2,2,2,2,2,2,3,3,1,99,1,20,2,1,1,0,1, ,md046,3,2,1,2,3,2,6,5,2,6,6,6,6,6,5,6,7,2,1,6,1,1,1,1,1,1,2,2,2,1,1,1,6,7,3,7,2,3,5,7,7,6,1,5,2,1,1,1,2,6,6,7,1,6,6,7,7,6,4,1,99,2,1,3,4,2,1
43,md,John Doe,md047,3,99,99,99,99,99,99,99,99,99,99,99,99,99,99,99,99,7,4,2,2,6,3,1,1,2,2,1,5,4,6,6,5,5,4,4,4,4,7,5,5,3,6,6,6,6,6,6,6,6,6,6,6,6,7,5,5,5,4,6,7,5,5,6,4,6,6,6,6,5,6,4,2,2,5,5,5,5,5,5,1,1,5,5,6,6,6,4,4,1,6,6,4,4,6,6,2,1,3,3,3,5,2,3,2,3,6,6,5,2,3,99,20,2,3,1,0,2, ,md047,7,7,7,7,7,7,7,7,7,7,1,7,6,7,5,6,6,4,6,5,3,5,5,5,2,1,2,7,7,7,7,7,7,7,7,7,7,7,7,6,7,7,6,5,7,7,7,7,7,7,7,7,7,7,7,7,7,7,7,2,2.5,99,1,1,3,2,3
44,md,John Doe,md048,3,7,7,6,6,5,5,7,7,7,7,6,5,4,5,4,3,5,4,2,2,2,7,5,4,5,7,7,5,6,6,6,7,3,2,2,2,3,4,2,4,1,5,5,5,2,6,3,7,1,1,1,1,1,1,1,1,1,1,3,4,7,1,3,7,2,5,6,6,2,3,1,5,3,7,7,5,5,2,3,1,1,7,7,1,1,1,1,1,1,7,7,6,7,7,5,5,1,2,1,1,5,5,5,5,6,7,7,7,2,1.5,99,19,2,1,1,1,3, ,YYYY,5,2,6,2,6,3,7,7,5,7,7,6,2,3,5,6,4,5,6,4,3,5,4,4,1,3,7,6,5,5,5,5,3,4,5,6,6,7,4,5,7,6,4,7,6,7,7,7,7,7,7,6,4,6,7,7,5,7,2,2,1.5,99,1,3,3,2,1
45,md,John Doe,md049,3,7,6,5,4,5,5,6,6,6,6,4,5,3,4,5,4,7,6,5,5,6,2,3,3,3,4,3,5,5,5,5,5,5,3,4,3,3,5,3,4,3,4,4,4,4,5,5,4,4,3,3,3,5,3,4,4,4,2,4,6,4,4,4,4,5,5,5,4,4,5,4,5,4,6,5,5,4,6,6,4,3,5,4,7,7,7,2,2,5,3,3,2,2,2,3,5,3,4,3,4,3,3,4,4,4,2,3,2,2,2,99,20,2,3,2,0,1, ,md049,7,6,7,5,7,5,7,7,6,7,7,7,6,7,7,7,6,6,5,6,6,4,4,4,5,3,4,7,7,6,6,7,7,7,6,7,7,7,6,6,7,4,2,3,6,4,5,5,6,7,7,7,5,7,6,7,6,7,6,2,4,99,1,1,3,2,1
46,md,John Doe,md050,3,7,7,5,5,6,6,7,7,6,7,5,7,6,7,7,7,7,7,7,7,6,7,4,4,6,6,5,6,5,5,5,5,6,6,6,5,5,7,5,6,4,4,5,5,6,6,4,5,7,7,6,6,6,7,6,5,6,7,5,7,5,5,6,5,6,5,4,5,7,7,7,4,5,5,5,6,6,5,5,3,4,7,6,1,1,1,7,7,5,6,4,6,4,5,5,4,4,6,6,5,6,6,7,7,6,7,6,7,2,4,99,20,2,2,0,1,1, ,YYYY,99,99,99,99,99,99,99,99,99,99,99,99,99,99,99,99,99,99,99,99,99,99,99,99,99,99,99,99,99,99,99,99,99,99,99,99,99,99,99,99,99,99,99,99,99,99,99,99,99,99,99,99,99,99,99,99,99,99,99,99,99,99,99,99,99,99,99
47,ms,John Doe,ms012,3,1,1,2,1,1,2,1,1,2,1,2,3,2,3,3,99,2,2,2,2,2,4,3,3,5,3,3,3,3,2,3,3,6,6,6,7,7,6,6,6,5,7,7,7,6,7,7,6,5,4,6,5,4,5,4,4,4,4,6,6,7,4,5,7,5,7,7,6,7,6,6,6,6,6,6,6,5,6,6,4,4,7,7,6,6,6,3,4,4,3,4,3,4,3,3,4,1,1,1,1,2,1,5,5,5,6,6,6,1,99,1,20,1,1,0,1,2, ,ms012,2,2,2,2,2,2,2,2,2,2,3,2,2,2,2,2,2,2,2,2,3,4,4,4,4,4,4,2,2,2,2,2,2,2,2,2,2,2,2,2,2,5,2,2,1,1,2,2,1,1,1,7,7,7,6,7,7,7,6,1,99,2,1,1,3,2,1
48,ms,John Doe,ms016,3,5,3,4,3,4,3,6,6,4,5,6,4,3,3,3,4,6,5,3,4,6,2,2,2,2,1,2,4,2,3,3,3,4,4,5,5,1,6,5,5,4,6,6,5,3,3,2,1,6,5,4,4,2,3,5,4,3,3,6,4,4,2,3,1,2,5,3,3,3,5,3,3,3,5,5,4,4,6,2,1,1,4,4,7,7,7,4,4,3,3,4,2,2,2,2,7,7,7,7,7,7,7,1,1,1,1,1,1,1,99,1,20,1,99,1,0,1, ,ms016,5,4,2,2,3,3,4,4,4,4,4,5,2,5,4,4,6,6,4,5,6,2,2,2,2,2,2,4,4,5,4,3,3,4,4,4,4,2,4,4,5,3,3,2,2,2,4,3,5,5,5,7,7,4,3,5,7,4,5,1,99,1,1,1,3,2,1
49,ms,John Doe,ms018,3,7,7,4,5,5,4,7,7,6,6,6,5,3,4,3,4,7,6,5,5,5,3,2,1,1,2,1,7,5,5,5,6,6,5,6,5,5,6,5,5,2,5,5,5,5,6,5,6,5,5,6,5,7,4,5,4,4,3,5,5,5,5,5,5,5,6,6,5,5,5,6,4,5,5,6,5,5,5,5,3,4,5,6,1,1,1,6,7,4,4,4,5,6,7,7,4,4,2,3,3,5,3,4,5,3,6,6,6,1,99,1,20,1,2,1,1,1, ,YYYY,99,99,99,99,99,99,99,99,99,99,99,99,99,99,99,99,99,99,99,99,99,99,99,99,99,99,99,99,99,99,99,99,99,99,99,99,99,99,99,99,99,99,99,99,99,99,99,99,99,99,99,99,99,99,99,99,99,99,99,99,99,99,99,99,99,99,99
50,ms,John Doe,ms019,3,6,3,6,3,5,3,4,5,5,5,6,4,1,2,2,2,5,3,3,4,2,1,2,2,1,1,1,4,2,4,4,4,4,4,6,3,4,6,4,4,2,5,5,5,1,1,1,1,5,5,6,5,6,4,7,5,5,6,2,2,3,2,3,3,4,3,4,3,2,2,6,5,3,5,3,6,3,6,4,2,2,5,4,6,6,5,2,2,5,5,5,6,6,7,7,7,7,7,7,6,7,6,6,6,6,5,6,6,1,99,2,20,1,99,1,2,3, ,ms019,7,2,3,3,6,3,7,7,4,7,6,4,4,4,2,4,6,4,2,4,4,1,1,1,1,1,1,6,2,4,2,2,7,7,7,6,7,7,6,6,7,6,6,6,6,5,5,5,6,7,5,7,7,6,6,7,6,7,6,1,99,2,1,1,3,2,2
51,ms,John Doe,ms028,3,7,5,3,2,6,3,7,6,4,5,5,3,1,4,3,1,7,6,3,6,3,1,1,1,1,1,1,7,2,3,5,4,5,5,6,6,6,6,5,5,5,7,5,4,4,3,5,4,4,4,6,5,4,4,3,3,4,3,6,7,5,5,5,3,5,6,5,5,4,4,5,5,5,6,6,4,4,3,1,1,1,5,3,6,6,6,4,2,2,2,5,6,7,2,7,7,7,7,6,6,3,5,1,6,3,5,5,2,2,2,99,20,1,3,0,3,4, ,ms028,5,5,4,5,3,2,5,5,4,5,4,5,5,6,6,5,5,4,4,4,5,3,4,4,4,5,5,5,5,6,6,5,7,7,7,7,7,7,7,7,7,3,5,5,5,3,99,4,3,7,6,7,7,7,7,7,7,7,7,1,0,99,1,1,3,2,3
52,ms,John Doe,ms029,3,4,3,1,1,2,3,5,4,4,6,4,6,6,6,6,5,3,2,99,3,1,5,4,2,5,2,2,5,2,3,3,6,2,3,6,3,3,7,3,4,3,7,2,2,2,4,3,3,7,7,7,6,2,6,6,6,4,6,1,1,3,1,1,2,2,2,2,2,1,1,1,3,3,3,3,2,2,4,4,4,4,3,3,5,5,5,4,5,7,6,1,1,6,5,6,1,1,7,5,6,7,3,1,1,3,6,6,6,2,18,99,20,1,2,0,2,1, ,ms029,1,1,2,3,2,2,3,3,2,3,4,3,1,1,1,1,2,2,2,1,6,1,3,2,1,3,2,1,2,3,2,2,6,6,7,99,7,6,6,7,6,5,3,4,5,5,6,6,7,6,7,4,7,5,4,4,7,4,3,2,2,2,1,1,3,2,2
53,ms,John Doe,ms030,3,7,5,2,3,6,1,5,4,5,5,4,5,1,5,6,5,6,4,2,6,4,1,3,3,2,1,4,5,4,4,4,4,4,2,4,5,5,7,4,7,4,5,4,4,4,5,1,2,7,7,7,7,7,7,7,7,4,7,7,5,5,5,7,7,4,4,4,4,3,5,7,3,3,5,5,5,5,5,5,3,3,5,5,6,6,6,4,4,1,1,1,5,5,5,5,2,5,7,7,6,6,6,5,5,5,7,4,6,1,99,1,21,1,2,0,0,99, ,YYYY,99,99,99,99,99,99,99,99,99,99,99,99,99,99,99,99,99,99,99,99,99,99,99,99,99,99,99,99,99,99,99,99,99,99,99,99,99,99,99,99,99,99,99,99,99,99,99,99,99,99,99,99,99,99,99,99,99,99,99,99,99,99,99,99,99,99,99
54,fd,John Doe,fd015,4,6,6,4,3,5,2,4,4,3,4,3,5,3,4,4,4,6,5,4,3,4,3,4,3,3,1,2,4,4,4,4,3,5,4,4,3,4,7,5,5,5,4,5,4,4,4,3,4,6,7,5,7,5,7,7,7,7,7,7,6,7,5,5,7,4,4,4,3,4,4,6,2,2,3,2,4,2,4,4,1,1,4,4,4,4,5,7,7,1,1,1,5,3,3,3,1,6,6,3,1,5,4,2,3,4,7,6,7,2,2.5,99,20,2,3,1,0,1, ,fd015,6,6,6,6,5,5,6,7,7,7,4,7,3,7,7,5,7,6,4,4,1,1,1,1,1,1,1,7,6,7,7,7,6,6,7,7,7,7,2,7,5,1,3,2,3,2,2,5,5,6,5,6,7,5,5,5,7,5,3,2,2.5,99,1,1,4,1,3
55,fs,John Doe,fs008,4,4,4,1,1,4,1,5,5,4,5,5,2,1,2,1,1,7,1,1,2,1,1,1,1,1,1,1,7,1,1,1,1,3,3,6,3,3,7,6,6,4,4,7,6,1,1,1,1,7,7,5,7,7,4,7,7,4,4,7,1,1,7,6,1,1,1,5,1,6,1,4,1,1,6,4,5,4,1,1,1,1,7,7,1,1,1,7,7,7,3,1,7,1,1,1,1,1,1,1,1,1,1,1,7,1,1,1,1,2,4.5,99,22,1,3,99,1,1, ,fs008,4,4,4,4,4,4,4,4,4, , ,4,1,4,3,1,7,3,3,4,4,4,4,4,4,4,4,3,5,4,4,4,4,6,6,7,6,5,7,7,7,4,1,1,3,99,2,1,4,7,7,6,6,2,2,4,4,7,3,2,99,99,1,1,4,1,3
56,md,John Doe,md012,4,5,2,5,5,5,1,7,7,7,7,6,4,1,2,1,1,6,3,5,2,7,2,1,2,1,4,6,7,7,6,6,6,6,6,3,7,6,7,6,7,6,5,7,7,1,7,1,7,7,7,7,7,7,5,7,7,7,7,7,7,3,7,7,7,1,5,5,1,6,7,7,2,4,7,7,2,1,5,6,5,2,7,7,2,1,6,5,3,4,6,7,5,6,7,6,4,3,2,3,3,7,4,6,6,5,7,7,5,2,2,99,21,2,2,1,0,1, ,md012,3,3,3,5,3,3,6,6,6,6,7,4,2,6,4,2,6,4,6,2,2,5,4,3,4,4,2,6,6,6,6,6,7,7,7,7,7,7,7,7,7,1,2,4,2,2,2,2,7,7,7,7,7,4,4,7,6,6,3,2,3,99,1,3,3,2,2
57,md,John Doe,md013,4,6,3,3,2,4,1,5,6,6,6,6,2,2,1,1,1,5,3,3,3,2,2,2,2,2,2,2,6,3,4,3,3,5,6,6,6,6,6,7,4,5,7,6,6,2,3,2,3,6,3,7,5,7,4,6,4,6,4,7,7,5,3,6,6,2,2,4,3,5,6,7,4,4,6,4,3,1,4,2,2,7,5,4,1,1,1,6,6,4,6,6,3,2,6,3,2,2,5,5,4,6,6,3,5,6,5,3,3,1,99,2,21,2,2,0,2,3, ,md013,7,7,4,4,7,4,7,7,6,7,7,7,4,7,4,4,7,7,4,7,6,3,1,1,3,1,1,7,4,6,6,6,7,7,7,7,6,4,7,7,4,4,4,7,7,7,5,7,7,7,7,7,7,5,7,7,7,5,4,1,99,1,1,3,4,2,2
58,md,John Doe,md014,4,5,5,4,4,5,4,5,5,6,5,4,4,2,6,4,2,5,4,4,2,1,1,1,1,1,2,1,6,7,7,7,6,4,2,2,4,2,3,1,2,1,7,6,6,2,7,5,6,1,6,6,4,3,5,6,7,3,3,4,3,4,6,5,4,6,6,6,5,2,2,5,4,5,6,7,5,3,4,3,3,2,7,7,7,3,3,7,7,1,6,1,2,4,7,7,3,7,2,2,2,4,2,2,2,3,7,7,7,2,3,99,19,2,1,0,2,2, ,md014,5,2,6,6,4,5,4,4,4,6,4,1,2,99,3,5,5,2,4,4,2,6,99,3,4,6,7,7,7,4,4,6,7,7,99,4,5,5,2,5,1,1,5,5,6,7,7,4,4,4,2,6,6,6,1,3,4,1,1,2,3,1,1,1,3,2,1
59,md,John Doe,md015,4,4,4,3,3,5,2,5,5,4,5,5,4,2,4,3,2,6,4,5,4,4,3,2,2,2,3,2,6,4,4,5,4,3,4,3,2,2,6,5,5,4,5,6,6,5,5,4,5,6,6,5,6,6,6,5,5,5,5,6,6,3,5,5,5,5,5,4,2,4,5,4,2,4,5,4,5,5,3,3,1,1,5,4,1,2,5,6,6,6,6,6,2,1,5,4,1,1,1,2,2,2,3,4,5,5,5,6,3,1,99,1,20,2,3,0,1,2, ,md015,6,6,5,6,6,5,7,7,6,6,6,6,5,5,5,6,5,4,5,5,4,2,3,2,2,5,2,6,6,6,6,6,7,7,7,7,7,7,6,7,7,3,2,3,4,2,2,2,4,5,5,6,6,5,4,4,5,5,4,1,99,1,1,1,4,2,3
60,md,John Doe,md041,4,5,4,3,6,7,4,5,5,3,6,3,6,2,5,5,6,6,4,4,6,5,1,1,1,1,1,1,5,4,6,5,4,5,5,6,5,5,7,6,6,4,5,3,2,5,5,6,7,7,4,3,6,7,6,6,3,5,5,6,7,6,1,4,4,3,3,3,3,4,5,6,4,5,5,6,4,4,2,2,1,1,4,4,2,3,6,5,6,2,5,5,4,7,7,7,1,5,2,3,1,5,4,4,5,4,6,5,6,2,3,99,21,2,2,0,2,3, ,YYYY,99,99,99,99,99,99,99,99,99,99,99,99,99,99,99,99,99,99,99,99,99,99,99,99,99,99,99,99,99,99,99,99,99,99,99,99,99,99,99,99,99,99,99,99,99,99,99,99,99,99,99,99,99,99,99,99,99,99,99,99,99,99,99,99,99,99,99
61,md,John Doe,md042,4,7,5,6,3,4,4,6,6,3,6,4,4,2,2,2,2,4,4,2,2,1,1,1,1,1,5,1,5,4,4,5,5,6,6,3,4,3,4,4,4,3,4,5,3,4,3,6,6,1,3,5,4,1,6,3,2,2,1,6,6,5,3,5,4,2,3,6,4,1,2,1,4,5,5,5,3,1,2,2,1,1,5,5,7,7,7,7,7,4,4,7,5,4,7,1,1,1,1,3,5,5,5,5,5,6,6,7,7,2,4,1,21,2,1,2,1,4, ,YYYY,99,99,99,99,99,99,99,99,99,99,99,99,99,99,99,99,99,99,99,99,99,99,99,99,99,99,99,99,99,99,99,99,99,99,99,99,99,99,99,99,99,99,99,99,99,99,99,99,99,99,99,99,99,99,99,99,99,99,99,99,99,99,99,99,99,99,99
62,md,John Doe,md043,4,1,1,2,1,1,2,2,3,3,2,7,1,3,4,5,5,1,5,4,3,4,4,4,5,5,6,5,2,2,2,2,3,7,7,6,6,7,7,7,7,6,7,7,7,3,6,3,4,6,7,7,7,7,7,7,7,7,7,6,6,6,5,5,4,2,3,3,4,2,2,5,4,3,6,5,2,2,2,2,2,2,6,6,2,2,6,7,7,2,4,5,3,3,6,6,4,7,7,6,6,4,3,6,5,3,6,6,6,2,3,2,20,2,2,0,1,1, ,YYYY,5,5,3,3,5,3,4,6,5,6,5,5,1,5,4,4,6,5,4,5,2,4,4,4,1,2,2,5,3,5,5,4,7,7,7,7,7,7,7,7,7,1,1,7,7,7,7,5,7,7,7,7,7,6,6,7,7,7,6,2,2,99,1,1,3,2,2
63,fd,John Doe,fd006,5,7,6,5,5,7,4,7,7,5,7,1,4,2,4,4,4,7,3,6,7,5,2,2,2,2,2,2,7,5,5,5,5,5,5,5,5,5,6,7,7,6,3,5,4,1,3,3,3,7,7,7,7,7,7,7,7,7,7,7,6,6,4,7,7,1,1,1,2,1,4,7,1,1,3,3,3,5,5,5,1,1,4,4,1,7,7,7,7,3,6,2,7,7,7,1,1,2,5,5,5,5,5,5,5,5,3,3,3,1,18,1,18,2,3,1,0,2, ,fd006,7,7,7,7,7,7,7,7,7,7,7,3,3,3,3,7,7,7,7,7,7,1,1,1,1,1,1,7,7,7,7,7,7,7,7,7,7,7,7,7,7,2,2,2,5,1,1,1,7,7,7,7,7,7,7,7,7,7,7,1,99,2,1,1,4,1,3
64,fd,John Doe,fd010,5,7,5,5,6,4,4,7,6,7,7,3,6,5,5,3,4,6,4,7,5,4,3,3,2,1,1,2,6,7,6,7,6,5,5,3,2,2,6,7,5,3,1,6,6,1,6,3,3,7,7,3,7,5,6,7,7,6,5,5,4,4,6,7,3,5,6,6,5,4,7,4,3,3,6,6,4,4,5,4,1,1,7,6,4,4,4,6,7,3,3,2,3,5,6,6,1,3,5,6,4,5,3,1,4,4,6,5,3,2,1,2,18,2,99,1,99,2, ,fd010,7,4,6,6,7,7,7,7,7,7,3,7,7,7,7,7,7,5,5,6,5,1,1,1,1,1,1,6,6,6,6,6,6,6,6,6,6,4,6,6,7,5,4,4,6,6,3,3,6,6,6,7,7,7,7,7,7,7,7,2,1,2,1,1,4,1,3
65,md,John Doe,md001,5,7,7,3,3,5,4,5,6,3,5,3,5,3,5,5,4,6,5,3,5,6,5,4,3,3,5,6,5,2,5,3,3,7,6,6,5,7,7,7,7,7,7,7,7,6,6,6,5,6,7,7,7,7,7,7,7,7,7,7,7,7,7,7,7,7,7,7,7,4,5,6,4,4,5,5,5,4,5,5,2,2,7,7,7,7,7,7,7,2,6,3,5,4,5,3,3,3,3,4,4,5,4,5,5,5,7,6,6,1,5,1,22,99,3,1,0,1, ,md001,6,6,5,6,5,5,6,6,6,5,3,5,6,6,6,5,6,6,5,6,3,5,5,5,5,5,6,6,6,5,5,5,5,5,5,5,5,5,5,5,5,5,3,3,5,5,4,5,5,6,6,5,6,6,5,5,6,5,5,1,99,1,99,1,3,2,3
66,md,John Doe,md002,5,7,7,4,1,5,1,7,7,1,7,7,4,1,7,3,4,7,5,1,7,7,1,1,1,1,1,1,7,4,4,5,5,3,1,7,1,1,6,4,7,4,1,3,3,1,1,1,1,7,3,1,7,1,2,7,7,4,4,1,1,1,1,1,1,1,1,1,1,1,1,1,1,1,3,1,1,1,4,1,1,1,6,1,7,7,7,1,1,1,5,1,1,1,1,1,1,1,1,1,1,1,1,1,1,1,7,7,4,1,99,2,18,2,1,2,1,4, ,md002,7,5,7,3,7,4,7,7,5,7,7,5,1,7,4,5,7,7,4,7,6,1,1,1,1,1,1,7,3,7,3,3,5,5,7,4,7,1,1,6,6,1,1,1,1,3,1,1,1,5,4,7,7,4,5,7,7,7,5,2,99,3,1,2,4,99,1
67,md,John Doe,md003,5,7,7,4,5,7,3,7,7,4,7,6,5,1,4,3,5,7,7,6,7,7,1,1,1,1,2,6,6,7,7,7,4,6,6,7,6,7,7,5,7,5,7,5,4,1,4,1,5,7,7,7,7,7,7,7,7,7,6,7,6,4,5,6,4,2,5,4,6,4,6,3,5,5,4,5,2,6,6,6,2,6,5,6,1,2,7,7,7,4,7,2,3,3,5,3,1,1,1,1,1,7,1,4,5,1,7,5,2,1,99,2,18,2,3,2,1,3, ,YYYY,99,99,99,99,99,99,99,99,99,99,99,99,99,99,99,99,99,99,99,99,99,99,99,99,99,99,99,99,99,99,99,99,99,99,99,99,99,99,99,99,99,99,99,99,99,99,99,99,99,99,99,99,99,99,99,99,99,99,99,99,99,99,99,99,99,99,99
68,md,John Doe,md004,5,7,6,6,6,6,5,7,7,6,6,5,4,5,4,4,3,7,7,6,7,5,3,3,2,2,4,3,5,4,5,5,5,5,4,3,5,4,7,5,5,4,6,5,5,4,5,2,5,6,6,7,6,6,6,7,4,5,5,5,6,7,6,4,4,5,5,5,4,3,3,6,4,5,6,5,6,5,6,5,3,3,6,5,4,4,5,5,5,2,4,4,3,3,5,4,2,5,5,4,3,6,5,5,5,6,6,5,4,1,99,2,18,2,2,0,0,99, ,YYYY,99,99,99,99,99,99,99,99,99,99,99,99,99,99,99,99,99,99,99,99,99,99,99,99,99,99,99,99,99,99,99,99,99,99,99,99,99,99,99,99,99,99,99,99,99,99,99,99,99,99,99,99,99,99,99,99,99,99,99,99,99,99,99,99,99,99,99
69,md,John Doe,md005,5,7,4,4,5,6,4,4,5,5,5,4,7,5,7,7,7,7,4,4,5,5,5,4,4,3,7,6,7,7,7,7,7,5,4,4,3,4,4,4,4,3,3,3,4,5,6,4,6,6,3,4,3,6,7,7,4,4,4,6,6,3,7,4,5,5,5,5,4,3,3,6,2,2,7,7,3,3,3,3,2,2,6,6,2,2,4,5,6,2,1,1,4,4,5,5,2,3,6,4,4,4,5,2,2,4,5,5,4,2,99,99,18,2,1,5,3,99, ,md005,3,3,3,3,3,3,3,4,4,4,4,5,3,5,4,4,6,5,3,3,4,2,1,1,1,1,2,6,7,7,7,7,4,3,5,6,6,7,7,7,6,5,2,2,6,4,5,5,6,7,7,7,7,5,4,7,7,6,5,2,99,1,1,2,4,2,1
70,md,John Doe,md006,5,7,6,4,5,3,3,6,5,5,6,3,6,2,3,1,1,5,4,4,2,4,2,2,2,2,2,2,6,5,5,5,5,5,6,5,6,6,7,6,7,6,7,7,7,5,5,5,6,7,7,7,7,7,7,6,6,7,7,7,7,7,6,6,6,5,6,6,6,5,5,6,5,5,6,5,5,5,5,5,4,4,7,7,3,3,3,6,6,4,6,4,6,5,6,5,5,4,5,5,4,5,4,3,3,4,6,4,6,1,99,99,18,2,2,3,0,1, ,md006,5,3,4,5,3,3,7,7,4,7,6,7,7,7,7,3,7,2,5,3,5,4,3,2,2,2,2,7,5,5,5,5,7,7,7,7,7,7,7,7,7,99,1,1,6,5,4,2,7,7,7,7,7,7,7,7,5,7,5,2,0.3,99,1,3,3,2,1
71,md,John Doe,md007,5,6,1,1,3,1,1,7,7,7,7,7,7,7,7,1,1,1,1,1,1,1,1,1,1,1,1,1,7,7,7,7,7,7,7,7,7,7,7,1,7,1,1,7,7,7,7,1,7,7,7,7,7,7,7,7,7,7,7,7,7,7,7,7,7,7,7,7,1,7,7,7,1,7,7,7,7,7,7,7,5,1,7,7,1,1,1,1,1,7,7,7,1,1,1,1,1,1,7,5,7,7,5,7,7,7,7,7,7,1,99,1,19,2,1,1,99,2, ,md007,4,3,2,1,4,1,6,5,4,3,4,3,4,6,2,1,4,1,1,1,4,4,4,1,3,3,4,5,6,5,7,6,6,7,6,7,7,6,7,7,7,2,1,4,2,1,4,4,5,6,6,6,7,6,6,6,7,7,1,1,99,1,1,3,3,2,1
72,md,John Doe,md008,5,7,6,7,5,6,4,7,6,5,7,3,5,3,5,6,6,6,5,2,2,7,1,1,1,1,1,3,7,6,7,7,7,7,7,7,2,4,7,7,7,7,6,7,7,3,7,4,7,7,7,7,7,7,7,7,7,7,7,7,7,5,6,6,6,4,7,7,3,4,1,6,3,6,7,7,2,3,1,1,3,4,7,7,1,2,3,7,7,1,4,3,4,6,7,5,1,1,2,2,3,4,1,4,4,4,5,6,4,2,2,1,20,2,3,1,0,2, ,YYYY,99,99,99,99,99,99,99,99,99,99,99,99,99,99,99,99,99,99,99,99,99,99,99,99,99,99,99,99,99,99,99,99,99,99,99,99,99,99,99,99,99,99,99,99,99,99,99,99,99,99,99,99,99,99,99,99,99,99,99,99,99,99,99,99,99,99,99
73,md,John Doe,md009,5,4,4,2,3,3,6,2,2,2,3,2,4,4,2,4,6,2,5,2,3,3,7,7,7,7,7,7,1,1,2,2,2,6,6,6,5,6,6,5,5,4,2,3,3,2,5,4,6,5,4,5,6,6,6,6,7,6,6,7,6,4,6,4,7,2,6,6,6,6,6,5,2,2,5,5,3,2,5,6,1,1,6,6,6,6,6,6,5,3,5,6,5,6,7,6,1,5,4,5,5,5,5,5,3,6,6,6,7,2,2,1,19,2,2,1,0,1, ,md009,6,5,5,5,5,6,5,6,7,7,6,3,2,2,2,2,6,3,5,5,6,1,1,1,1,1,1,7,7,6,7,7,5,5,7,6,7,5,5,7,6,3,2,2,2,2,2,2,5,6,6,6,7,2,2,5,2,6,6,2,2,1,1,1,3,2,2
74,md,John Doe,md010,5,7,5,7,7,7,7,5,6,7,6,6,4,4,5,5,5,7,6,5,7,6,3,3,1,1,3,5,5,7,6,7,7,5,6,4,7,7,6,6,7,5,6,7,7,7,7,6,7,4,6,2,6,7,1,3,5,4,3,7,7,7,6,5,7,7,7,7,7,6,7,7,4,5,7,7,7,7,3,4,2,1,7,7,2,2,1,4,5,2,2,1,2,1,6,3,2,3,4,4,3,6,6,6,5,7,7,7,7,1,99,1,18,2,2,2,0,3, ,md010,5,4,6,6,6,5,7,7,7,7,6,7,7,7,7,7,7,4,6,5,5,1,3,2,1,3,1,6,6,7,7,7,6,4,3,5,7,1,2,4,5,1,3,2,6,4,5,4,7,7,7,7,7,7,7,7,7,7,7,1,99,2,1,1,4,2,2
75,md,John Doe,md011,5,7,7,7,6,6,6,7,7,6,7,7,6,3,6,5,2,7,5,5,5,5,1,1,1,1,1,1,7,5,5,6,6,7,7,7,5,7,7,7,7,7,7,4,4,5,5,5,6,7,7,7,7,7,7,7,7,7,7,7,7,5,7,7,7,6,6,6,6,4,3,5,4,4,6,6,4,4,6,6,1,1,7,7,7,7,7,7,7,5,7,7,5,5,5,4,1,2,6,5,5,6,6,6,6,6,7,6,7,1,99,1,18,2,2,0,1,2, ,md011,7,7,7,7,7,7,7,7,7,7,1,7,7,7,7,7,7,7,7,7,1,7,7,7,7,7,7,7,7,7,7,7,7,7,7,7,7,7,7,7,7,2,3,3,7,7,4,6,5,7,7,7,7,7,7,7,7,7,7,1,99,1,1,99,3,2,2
76,ms,John Doe,ms001,5,4,3,3,3,3,2,4,3,4,5,2,4,1,4,1,2,5,4,4,4,4,2,3,2,1,3,2,5,3,4,4,4,5,4,3,4,5,6,5,5,6,6,5,5,1,3,1,3,6,6,5,7,7,5,6,5,5,4,5,3,2,3,2,2,2,2,2,2,2,1,4,2,1,5,3,2,1,3,4,1,1,4,4,5,5,5,6,6,5,6,2,2,2,3,2,1,4,3,4,5,4,2,2,5,5,4,4,4,2,0.5,99,19,1,3,1,0,1, ,YYYY,99,99,99,99,99,99,99,99,99,99,99,99,99,99,99,99,99,99,99,99,99,99,99,99,99,99,99,99,99,99,99,99,99,99,99,99,99,99,99,99,99,99,99,99,99,99,99,99,99,99,99,99,99,99,99,99,99,99,99,99,99,99,99,99,99,99,99
77,ms,John Doe,ms002,5,6,6,2,2,7,2,2,4,2,4,6,4,1,5,5,2,7,4,6,4,7,1,1,1,2,3,1,6,2,2,2,4,6,6,5,7,7,7,5,5,5,7,7,7,7,7,4,6,7,7,5,6,5,5,7,7,6,5,7,7,7,7,7,7,7,7,6,3,4,2,7,6,3,6,6,7,6,7,7,2,2,7,6,7,2,2,5,2,3,3,2,5,6,3,3,1,1,6,5,4,6,5,5,7,6,6,6,3,1,99,1,18,99,3,0,1,2, ,ms002,7,7,6,7,6,6,6,6,6,6,3,7,7,7,6,6,7,7,6,6,5,1,1,1,1,1,2,6,5,5,5,5,6,6,6,7,7,7,7,7,7,3,4,6,6,5,6,6,6,7,7,7,7,6,6,6,6,6,7,1,99,1,1,1,4,2,3
78,ms,John Doe,ms003,5,7,5,4,5,6,5,7,6,5,5,5,5,4,5,5,5,7,6,5,6,5,5,5,5,4,4,4,5,6,6,5,5,5,5,6,4,5,6,5,6,5,5,5,6,6,6,5,6,5,5,4,5,6,6,6,6,5,5,3,3,4,5,5,5,6,6,5,5,5,5,6,5,5,5,5,5,4,3,3,4,4,5,5,4,3,4,5,6,3,3,4,5,5,6,5,4,5,5,5,4,5,6,6,5,6,6,5,5,1,99,3,18,1,1,0,1,2, ,ms003,4,7,1,1,4,1,4,7,1,4,4,4,1,4,1,4,4,1,1,4,4,1,4,6,4,4,4,7,1,1,1,1,7,7,4,4,7,7,7,7,7,1,7,7,7,4,4,5,1,7,3,7,7,4,1,7,7,4,3,1,99,3,1,1,3,2,1
79,ms,John Doe,ms004,5,7,6,7,4,6,7,6,6,7,7,6,6,3,5,4,6,7,5,6,6,6,3,2,1,1,1,1,5,5,5,6,5,6,6,4,6,6,7,7,7,6,7,7,7,5,6,6,6,7,7,7,6,7,6,6,6,7,6,7,7,6,5,6,5,6,6,6,6,5,5,5,5,6,7,6,7,5,7,7,1,1,6,6,1,1,1,5,6,4,4,2,6,6,6,6,1,4,4,3,3,4,4,3,3,3,5,4,5,1,99,2,18,1,2,3,2,5, ,YYYY,99,99,99,99,99,99,99,99,99,99,99,99,99,99,99,99,99,99,99,99,99,99,99,99,99,99,99,99,99,99,99,99,99,99,99,99,99,99,99,99,99,99,99,99,99,99,99,99,99,99,99,99,99,99,99,99,99,99,99,99,99,99,99,99,99,99,99
80,ms,John Doe,ms007,5,6,5,3,3,6,3,5,5,5,5,4,5,1,5,3,5,7,6,3,5,6,3,3,3,3,3,5,7,3,5,5,3,5,5,5,5,3,4,5,5,5,7,6,7,3,5,3,5,7,3,3,5,7,6,5,3,5,3,7,7,6,6,6,6,5,7,7,3,6,5,6,3,3,6,6,5,5,6,6,3,3,7,7,1,1,1,7,7,1,5,1,5,5,5,5,3,2,1,1,1,1,1,1,1,1,6,6,6,2,2,2,19,1,3,1,0,1, ,YYYY,99,99,99,99,99,99,99,99,99,99,99,99,99,99,99,99,99,99,99,99,99,99,99,99,99,99,99,99,99,99,99,99,99,99,99,99,99,99,99,99,99,99,99,99,99,99,99,99,99,99,99,99,99,99,99,99,99,99,99,99,99,99,99,99,99,99,99
81,ms,John Doe,ms008,5,6,5,3,5,5,3,6,6,6,6,5,2,1,5,2,1,4,3,3,2,4,5,2,2,4,5,2,4,6,6,7,6,4,5,6,4,5,5,4,6,4,7,6,7,6,7,2,4,6,6,7,4,7,6,7,7,5,4,4,4,5,2,5,2,6,7,7,3,7,7,3,7,7,6,3,2,6,6,6,4,5,4,5,2,2,2,6,6,1,1,1,5,5,7,4,4,3,1,1,1,6,1,1,1,4,6,7,7,1,99,2,18,1,2,0,1,1, ,ms008,7,7,5,4,6,7,7,5,5,7,6,7,4,6,5,4,6,5,5,6,5,1,1,1,1,1,1,7,5,5,6,6,5,6,6,7,7,7,6,7,7,1,1,1,5,2,3,3,5,7,4,7,7,7,7,7,7,7,7,1,99,1,1,1,3,2,2
82,ms,John Doe,ms009,5,7,5,5,5,7,6,7,7,7,7,7,7,4,5,5,4,7,2,4,3,1,1,1,1,1,1,4,7,5,7,5,7,6,5,5,5,5,7,4,5,4,4,5,4,3,3,5,4,6,7,6,7,7,5,7,7,6,7,4,3,5,6,4,7,3,3,6,4,3,3,5,4,4,6,7,3,5,5,3,1,4,7,7,5,7,5,2,2,3,3,7,5,3,5,2,1,2,1,1,2,5,3,3,3,2,3,3,3,1,99,2,18,1,3,0,0,99, ,ms009,5,5,3,2,6,3,5,5,2,5,3,5,2,5,2,4,5,5,3,5,4,1,1,1,1,1,1,6,5,5,5,5,5,6,5,5,6,6,6,7,7,3,2,4,5,3,3,2,4,5,4,7,5,4,4,6,6,6,4,1,1,99,1,1,3,2,3
83,fd,John Doe,fd007,6,7,7,7,3,6,5,2,2,2,2,1,4,2,3,4,4,5,5,4,5,4,4,4,5,5,2,4,6,2,6,6,5,99,99,99,99,99,99,99,99,99,99,99,99,99,99,99,99,7,7,6,6,4,6,6,6,6,4,6,1,1,1,2,6,2,2,6,2,6,6,2,1,1,1,1,1,1,1,1,1,1,1,1,6,6,6,2,2,6,6,6,6,4,4,5,1,3,2,4,4,4,4,4,4,4,4,4,4,2,3,2,23,2,3,1,0,1, ,fd007,6,6,2,2,2,1,2,3,2,3,3,4,1,1,1,1,6,4,6,5,4,3,6,6,6,5,5,5,2,2,4,4,6,5,7,7,7,7,6,6,5,5,4,6,4,1,4,5,4,6,6,6,2,5,2,3,6,4,3,2,2,3,1,1,4,1,3
84,fd,John Doe,fd008,6,2,1,1,1,1,1,4,4,6,6,6,1,1,1,1,1,1,1,1,1,1,2,2,2,2,2,2,4,5,5,5,5,2,2,2,2,2,6,2,3,2,2,2,3,2,4,2,2,7,7,6,7,7,7,7,7,7,7,1,1,1,7,1,1,1,5,1,1,1,1,1,1,1,4,5,1,1,4,5,1,1,3,3,6,6,6,1,6,1,1,1,5,1,5,5,1,5,6,6,6,6,6,6,7,7,7,7,7,2,2,99,20,2,2,99,1,1, ,YYYY,99,99,99,99,99,99,99,99,99,99,99,99,99,99,99,99,99,99,99,99,99,99,99,99,99,99,99,99,99,99,99,99,99,99,99,99,99,99,99,99,99,99,99,99,99,99,99,99,99,99,99,99,99,99,99,99,99,99,99,99,99,99,99,99,99,99,99
85,fd,John Doe,fd009,6,7,6,4,4,4,2,2,4,2,4,4,3,1,5,5,2,7,4,3,3,4,4,2,2,2,2,2,5,3,5,5,2,4,5,3,3,2,5,5,4,2,1,5,5,1,4,1,1,7,6,5,4,7,7,7,7,7,6,7,1,1,7,6,6,1,1,5,1,4,1,1,1,1,5,2,1,1,5,1,1,1,5,5,5,6,6,5,5,5,5,1,7,4,4,7,7,4,4,7,7,3,7,4,1,1,7,7,7,2,6,99,19,99,3,0,0,99, ,fd009,1,7,1,1,5,1,4,4,1,4,2,1,1,1,1,3,4,4,2,3,3,4,3,2,1,2,3,2,2,4,3,3,5,7,6,6,6,6,7,6,7,3,2,5,6,5,4,5,5,6,6,5,7,4,5,4,2,4,3,2,7,99,1,1,3,1,3
86,fs,John Doe,fs009,6,6,6,4,1,1,1,4,4,1,1,5,1,1,1,1,1,6,4,5,4,6,1,1,1,1,1,1,2,4,4,6,3,5,4,6,2,4,7,5,7,5,5,5,5,2,2,2,2,7,7,7,7,7,7,7,7,7,7,6,6,2,2,1,1,1,1,1,1,1,1,1,1,1,1,1,1,1,1,1,1,1,4,4,2,4,4,6,5,1,1,1,1,1,1,1,1,1,1,1,1,1,1,1,1,1,1,4,1,2,4,99,22,1,2,2,0,3, ,fs009,6,6,7,7,5,6,6,6,5,4,4,4,4,4,5,5,3,3,3,3,5,4,4,4,4,4,5,5,5,4,4,4,6,6,6,6,6,6,6,6,6,1,1,1,3,1,1,1,4,4,4,4,6,3,4,4,5,4,2,2,3,2,1,1,4,1,2
87,fs,John Doe,fs010,6,7,7,7,7,7,7,7,7,7,7,7,1,1,1,1,1,7,7,7,7,7,7,7,7,7,7,7,7,7,7,7,7,6,6,6,6,6,6,6,6,6,6,6,6,1,6,6,6,7,7,7,7,7,4,7,7,7,7,7,4,4,4,7,4,4,6,7,7,7,6,6,5,6,5,6,4,2,6,6,3,6,6,6,5,5,4,4,4,7,4,7,4,4,4,4,4,4,4,4,4,4,4,4,4,4,4,4,4,1,99,1,20,1,2,1,1,2, ,fs010,4,3,3,2,2,2,2,5,3,4,5,4,3,4,3,3,6,4,4,4,4,2,2,2,2,2,2,5,3,3,3,3,4,6,4,6,6,4,6,6,6,4,4,4,6,4,4,2,6,6,6,7,7,6,4,6,6,4,4,1,99,2,1,1,4,1,2
88,fs,John Doe,fs011,6,7,1,1,1,3,1,7,7,5,5,5,1,1,1,1,1,7,1,1,4,1,4,1,1,1,4,7,4,1,5,4,3,4,5,7,3,1,6,6,7,6,7,7,7,1,6,1,1,7,7,7,7,7,2,7,5,7,6,7,1,5,2,2,1,1,4,2,1,2,7,5,1,1,5,6,1,4,5,5,1,1,7,7,6,5,5,6,7,2,2,1,5,1,5,1,1,1,1,1,1,1,1,1,1,3,4,4,2,2,3,99,21,1,2,0,1,2, ,YYYY,99,99,99,99,99,99,99,99,99,99,99,99,99,99,99,99,99,99,99,99,99,99,99,99,99,99,99,99,99,99,99,99,99,99,99,99,99,99,99,99,99,99,99,99,99,99,99,99,99,99,99,99,99,99,99,99,99,99,99,99,99,99,99,99,99,99,99
89,fs,John Doe,fs012,6,5,4,3,3,5,2,3,3,4,4,2,4,4,4,4,5,5,4,4,4,6,2,2,2,2,1,1,4,3,1,3,3,4,4,4,4,4,5,4,7,4,2,3,3,1,1,1,1,4,4,3,4,6,3,6,6,6,4,5,2,2,4,2,4,2,2,2,2,2,2,2,2,2,2,2,2,2,2,2,2,2,4,4,3,3,3,3,3,4,4,3,2,5,5,5,2,2,2,7,2,2,2,1,2,6,6,6,6,1,20,1,20,1,3,0,1,1, ,YYYY,99,99,99,99,99,99,99,99,99,99,99,99,99,99,99,99,99,99,99,99,99,99,99,99,99,99,99,99,99,99,99,99,99,99,99,99,99,99,99,99,99,99,99,99,99,99,99,99,99,99,99,99,99,99,99,99,99,99,99,99,99,99,99,99,99,99,99
90,md,John Doe,md016,6,7,4,3,5,1,1,3,4,5,6,6,7,7,2,7,7,6,5,2,2,2,3,3,2,2,1,3,7,7,7,7,7,5,7,6,3,2,6,6,6,5,7,7,7,7,7,1,7,5,7,7,5,5,7,7,4,3,3,5,6,3,3,1,1,6,7,7,1,7,1,5,3,2,6,5,7,7,1,1,1,1,7,7,99,99,99,99,99,99,99,99,5,3,6,3,1,1,1,1,1,1,1,1,2,1,6,5,2,2,3,99,20,2,1,2,0,3, ,md016,6,1,2,4,4,2,6,7,4,5,5,7,7,7,7,7,1,1,1,1,1,1,1,1,1,1,1,5,3,6,6,6,7,7,7,7,7,7,7,7,7,3,1,1,1,1,1,1,5,7,7,7,7,7,3,5,7,2,1,2,3,99,1,3,4,2,1
91,md,John Doe,md017,6,7,5,5,4,5,5,6,6,3,6,6,7,7,7,5,7,6,6,6,6,7,2,2,2,2,2,2,6,6,7,6,7,6,6,2,5,3,6,5,6,6,7,7,7,7,7,4,7,7,7,7,7,7,7,7,7,6,4,7,7,2,3,5,6,7,7,7,4,6,3,6,4,4,7,7,7,7,7,7,2,1,7,7,3,3,3,5,7,2,3,5,5,2,7,4,1,2,2,1,2,1,1,4,1,4,6,4,4,2,1,99,21,2,3,1,0,2, ,md017,2,1,2,2,2,2,3,2,2,3,2,7,6,6,3,5,7,3,3,3,5,1,1,1,1,1,1,6,4,4,6,6,6,7,6,7,7,7,7,7,7,7,6,5,6,3,5,4,7,7,7,6,7,7,6,7,7,7,7,2,3,99,1,1,4,2,2
92,md,John Doe,md018,6,7,6,6,7,6,6,6,6,5,6,3,6,6,6,5,5,5,4,3,3,3,2,3,2,2,2,2,4,2,2,2,2,6,6,6,5,6,7,6,5,5,6,7,7,6,6,4,6,7,7,7,7,7,7,7,7,7,7,7,7,7,7,7,6,6,6,6,4,4,4,5,3,2,4,5,6,6,4,4,2,2,7,5,5,5,1,5,5,6,6,6,6,3,4,3,1,1,3,2,2,2,1,1,2,2,6,6,5,1,99,1,21,2,3,0,3,1, ,md018,7,5,7,5,4,2,3,3,2,5,1,7,7,7,5,5,7,7,2,4,6,2,2,2,2,6,3,7,4,4,6,4,2,6,4,6,4,4,6,7,7,1,2,1,4,3,2,4,6,6,6,7,7,6,4,5,5,5,4,1,99,2,1,1,3,2,2
93,md,John Doe,md019,6,5,7,2,2,6,5,5,5,2,7,7,7,4,7,7,7,7,5,1,7,7,5,6,1,5,4,7,6,5,7,6,5,6,6,3,7,7,7,7,6,4,6,7,7,7,6,6,6,7,7,7,7,7,7,7,7,7,7,7,7,3,1,7,7,7,7,4,6,2,7,6,7,6,7,7,7,7,7,7,5,4,6,7,1,2,7,2,2,6,7,7,3,3,4,3,7,2,2,3,3,5,5,6,5,1,4,5,4,2,7.5,99,23,2,2,0,1,1, ,md019,6,6,4,4,6,6,5,6,4,6,5,6,6,7,6,6,6,5,4,6,6,4,5,4,4,4,5,5,4,5,5,5,7,7,7,7,7,7,7,7,7,3,5,4,6,6,5,5,6,6,6,7,7,6,5,6,7,6,5,2,7,3,99,1,3,2,2
94,md,John Doe,md020,6,7,2,4,6,5,6,7,6,5,6,5,7,7,7,7,6,7,2,4,5,3,4,3,1,5,2,1,6,4,5,6,7,3,2,2,2,2,7,3,5,3,3,2,2,6,1,2,2,4,5,4,6,5,6,7,3,5,3,4,5,4,3,1,1,3,2,2,2,3,6,5,5,6,4,3,3,3,1,1,1,1,4,4,1,1,1,4,4,6,2,1,5,5,5,5,7,4,2,3,5,5,5,1,1,3,5,6,4,2,0.25,99,21,2,1,1,1,2, ,md020,7,7,7,7,7,7,7,7,7,7,5,7,7,7,4,4,5,5,5,5,2,1,1,1,7,1,1,6,3,4,6,5,6,4,3,7,7,2,7,7,7,1,1,3,6,2,1,2,1,7,3,7,7,6,7,7,7,7,7,2,0.25,99,1,1,3,2,1
95,md,John Doe,md021,6,4,2,1,2,2,1,5,5,3,5,6,3,1,4,4,2,4,4,3,3,7,1,1,1,1,1,1,5,2,5,5,2,7,7,7,4,4,7,7,7,7,7,7,7,3,6,4,5,6,6,7,7,7,7,7,6,6,5,7,7,7,5,6,7,4,7,7,4,6,5,7,5,3,7,6,5,3,4,3,2,1,7,7,1,1,1,7,7,6,6,6,3,4,3,3,7,5,6,6,6,5,6,6,5,6,3,3,3,2,3.5,99,21,2,1,1,0,2, ,md021,7,2,4,5,7,2,7,7,5,7,7,7,5,6,4,6,7,3,3,3,2,1,1,1,1,1,1,5,3,6,3,3,7,7,7,7,7,7,6,7,7,4,6,6,4,2,2,2,7,7,7,7,7,7,7,6,2,6,3,1,99,1,1,2,3,2,2
96,md,John Doe,md022,6,6,6,6,6,6,6,6,6,6,6,4,4,1,4,4,2,7,7,5,6,4,6,4,3,6,5,4,6,6,6,6,6,4,5,4,3,2,6,3,5,2,2,2,2,3,5,1,2,7,4,3,3,7,6,6,3,7,7,7,7,4,1,4,4,1,1,1,1,1,1,4,2,2,4,4,1,1,6,6,5,6,3,3,7,1,1,7,7,1,1,1,4,5,6,3,1,1,1,1,1,1,1,1,1,1,6,6,6,1,99,1,21,2,2,2,1,4, ,md022,6,5,5,5,5,5,6,6,4,5,6,4,4,4,4,4,6,5,5,5,6,2,2,2,2,2,2,3,3,3,3,3,6,6,6,6,6,6,6,6,6,2,5,3,4,2,2,3,4,6,6,6,7,5,5,6,5,7,4,2,1,99,1,1,4,2,3
97,md,John Doe,md023,6,7,4,4,4,6,2,5,5,5,6,4,1,1,3,1,1,1,1,1,1,1,2,2,1,1,1,1,6,2,5,3,2,5,5,3,6,2,7,5,6,3,2,4,2,1,1,1,1,7,5,7,7,7,4,6,7,3,3,4,4,1,4,2,6,1,1,1,1,1,7,7,6,4,6,3,1,1,1,1,1,1,2,1,1,1,1,1,5,1,5,6,2,7,4,7,7,7,5,3,7,3,3,5,5,3,6,4,3,1,99,1,21,2,3,0,1,2, ,md023,7,4,4,3,4,4,7,7,7,7,7,3,1,5,1,3,1,1,1,1,1,1,1,1,1,1,1,7,7,7,7,5,7,7,7,7,7,4,4,7,7,4,4,6,6,7,4,4,4,4,4,1,4,1,4,4,4,4,1,1,99,3,1,3,3,2,1
98,md,John Doe,md024,6,7,7,4,1,7,4,6,7,5,7,5,7,5,7,7,1,6,6,6,6,6,99,2,3,4,3,5,7,7,7,7,7,5,6,4,6,4,7,6,6,5,7,7,7,6,4,4,5,7,7,6,7,6,7,7,6,6,6,7,7,5,5,7,7,2,4,2,3,3,7,5,4,5,5,6,5,6,4,4,4,4,4,4,1,1,3,4,5,1,2,1,2,4,5,3,4,1,1,1,1,1,3,3,2,1,6,5,2,1,99,2,20,2,2,0,0,99, ,md024,7,5,6,2,7,6,7,7,7,7,7,7,1,7,4,5,7,2,4,6,3,1,1,1,1,1,1,7,7,7,7,7,7,6,7,7,7,7,7,7,7,7,2,2,5,3,6,3,6,7,5,7,5,7,7,6,4,6,6,1,99,2,1,3,2,2,1
99,md,John Doe,md025,6,7,7,7,6,7,7,7,7,6,7,5,7,1,7,6,7,7,7,7,7,6,1,3,3,2,1,4,7,6,5,6,5,5,5,4,4,7,6,5,7,4,4,7,7,4,4,4,4,7,7,6,5,6,6,7,7,7,6,6,1,1,1,1,1,1,1,1,1,1,1,5,1,1,1,1,1,1,1,1,1,1,1,1,1,5,5,2,2,1,1,1,5,7,7,7,1,6,6,5,4,5,6,6,6,5,7,7,7,2,2,2,20,2,1,0,1,2, ,md025,7,7,6,6,7,7,7,7,7,7,7,7,5,5,5,5,7,7,7,7,7,7,7,7,7,6,7,7,7,7,7,7,7,7,7,7,7,6,7,7,7,1,1,1,1,1,1,1,2,2,2,4,7,7,7,7,6,6,7,2,3,99,1,3,3,2,1
100,md,John Doe,md026,6,2,4,3,4,3,4,3,4,3,3,3,4,5,6,6,6,4,4,3,5,3,7,6,7,7,7,7,1,3,2,2,3,4,5,5,6,4,7,5,5,3,4,6,7,3,6,7,6,4,4,6,5,5,5,6,4,5,4,7,7,7,7,7,7,5,7,7,7,4,4,7,3,3,5,5,4,4,4,4,4,4,6,6,3,3,4,7,7,7,5,4,7,4,3,3,3,3,2,3,3,2,7,4,4,4,7,6,99,1,99,1,20,99,2,1,0,2, ,md026,7,6,7,6,7,7,7,7,7,7,7,7,6,6,7,6,7,7,7,7,2,6,5,3,99,5,4,7,7,7,7,7,7,7,7,7,7,7,7,7,7,7,7,7,7,7,6,7,6,7,6,7,7,7,6,6,7,7,7,1,99,2,1,1,3,2,1
101,md,John Doe,md027,6,7,6,6,6,5,5,6,6,5,5,6,5,5,5,5,5,6,6,5,5,3,6,4,5,5,5,5,6,5,5,5,5,5,5,6,6,5,6,5,5,5,6,6,5,5,5,4,5,6,6,7,6,6,5,6,6,5,5,6,7,5,5,5,6,4,5,5,5,5,3,4,3,2,4,5,3,3,1,1,3,3,1,1,3,3,4,4,4,5,5,1,2,2,2,2,2,3,3,3,4,4,4,6,6,6,6,6,6,1,99,2,20,2,2,3,2,2, ,md027,7,6,6,6,5,5,7,7,7,6,2,7,7,7,7,7,6,6,6,6,6,4,4,5,5,5,5,7,7,7,7,7,5,7,7,7,7,7,6,7,7,7,1,2,3,3,3,3,5,5,5,6,6,6,6,6,6,6,6,1,99,2,1,1,4,2,2
102,ms,John Doe,ms020,6,7,1,4,4,6,4,7,7,5,6,4,3,1,7,1,1,7,7,5,4,2,3,5,5,5,2,4,4,5,3,4,3,7,6,4,7,7,7,5,7,6,1,1,1,3,4,1,7,7,7,7,7,7,7,7,7,7,7,7,7,1,4,7,7,1,4,3,4,4,4,6,3,4,6,2,4,4,4,4,1,1,4,4,6,6,6,7,7,5,3,1,4,3,1,1,1,1,1,1,1,1,1,2,99,99,99,99,99,2,4,99,22,1,3,2,0,1, ,YYYY,99,99,99,99,99,99,99,99,99,99,99,99,99,99,99,99,99,99,99,99,99,99,99,99,99,99,99,99,99,99,99,99,99,99,99,99,99,99,99,99,99,99,99,99,99,99,99,99,99,99,99,99,99,99,99,99,99,99,99,99,99,99,99,99,99,99,99
103,ms,John Doe,ms021,6,7,6,5,4,6,5,6,6,5,7,4,5,2,4,4,4,6,5,5,5,6,4,4,4,5,99,5,6,5,5,5,4,3,4,4,2,5,5,4,5,3,4,3,4,4,5,4,4,5,5,5,5,6,5,5,5,5,4,2,2,2,4,4,4,4,4,4,4,2,2,2,1,1,4,1,4,4,3,3,4,4,3,2,2,2,3,3,3,4,4,4,2,2,3,1,1,4,6,6,5,6,5,4,5,5,5,4,5,2,5,99,21,1,2,99,99,99, ,ms021,7,7,7,7,7,99,7,7,7,7,5,7,7,7,7,7,4,1,4,4,7,1,1,7,5,1,3,7,1,7,7,7,4,7,7,7,4,6,7,7,7,4,4,1,4,2,1,1,5,4,2,4,3,5,7,7,3,7,7,2,10,99,1,2,3,2,1
104,ms,John Doe,ms022,6,7,5,5,6,5,6,6,5,5,5,3,7,5,6,6,5,7,6,5,5,7,3,3,4,4,4,5,5,6,5,5,4,4,5,5,4,4,5,1,1,1,2,2,2,1,1,2,2,5,4,4,4,5,5,5,3,2,2,3,3,2,1,1,1,1,1,2,1,2,1,1,4,2,6,4,2,1,2,3,4,3,4,5,7,5,5,4,4,4,4,4,1,3,3,3,3,3,5,2,3,3,3,1,1,3,2,2,2,2,5,1,22,1,2,1,3,4, ,ms022,6,6,5,5,5,5,6,5,5,5,4,4,4,4,4,3,6,5,5,5,6,4,4,4,4,4,5,4,4,2,3,4,5,6,5,6,7,5,5,6,6,4,4,4,3,3,3,3,4,6,5,6,6,5,4,4,5,4,3,2,5,99,1,1,3,2,1
105,ms,John Doe,ms023,6,7,6,6,6,6,6,6,6,6,6,6,3,1,3,3,2,4,4,5,5,6,1,1,1,1,1,1,6,6,6,6,6,5,5,5,5,5,6,5,5,5,5,5,5,5,5,5,5,6,6,6,6,4,4,6,5,4,4,6,4,1,4,6,6,2,4,4,4,4,5,5,6,6,7,7,7,6,7,6,4,1,7,7,6,6,6,6,6,5,5,5,2,2,3,3,1,1,2,2,2,2,2,3,4,3,5,5,2,1,99,3,19,1,3,0,1,2, ,ms023,6,6,6,7,7,6,6,6,6,6,6,7,7,7,6,7,5,5,4,4,7,1,1,1,1,1,1,6,6,6,6,6,5,7,6,7,7,7,7,7,7,2,2,4,3,5,4,3,6,7,7,7,7,7,7,7,4,6,6,99,99,2,1,1,3,2,3
106,ms,John Doe,ms024,6,7,6,4,4,6,4,4,5,5,4,4,4,1,4,1,2,5,4,6,4,5,1,1,1,1,1,1,5,3,6,4,5,3,4,7,5,4,7,5,5,3,5,3,4,5,5,2,4,7,7,4,7,7,7,7,6,5,4,5,6,1,4,4,4,1,4,3,2,1,4,5,1,1,5,5,4,5,3,5,1,1,4,6,2,5,5,7,7,4,4,4,1,2,4,7,7,7,5,7,7,7,7,1,2,2,4,4,2,1,99,1,22,1,2,0,1,2, ,ms024,5,4,4,4,5,4,5,5,4,5,3,5,6,5,4,5,6,4,4,4,4,2,2,2,4,2,2,5,5,5,5,5,5,5,5,7,6,7,7,7,7,4,3,1,1,1,1,1,1,5,3,4,4,4,4,4,4,4,4,1,99,3,1,1,3,2,2
107,ms,John Doe,ms025,6,3,5,3,4,7,4,6,5,6,7,4,5,5,6,3,5,7,6,4,4,7,4,4,2,1,1,5,6,2,1,1,3,5,3,4,2,5,5,5,4,2,6,7,7,3,4,3,5,7,7,6,7,7,6,7,5,6,7,4,3,1,4,5,6,4,4,6,5,4,4,5,5,4,5,4,5,5,6,5,3,1,7,7,4,4,7,3,5,1,4,1,4,5,6,3,1,1,1,1,1,1,4,7,5,4,7,5,2,1,99,2,21,1,2,0,0,99, ,ms025,4,5,3,3,5,4,6,7,5,7,5,5,4,6,4,5,7,6,4,6,5,2,4,3,2,1,3,7,3,4,4,4,5,7,6,7,5,5,5,7,7,4,2,2,1,1,3,1,5,7,5,7,6,5,4,6,7,6,4,1,99,2,1,1,4,2,2
108,ms,John Doe,ms026,6,5,5,5,4,4,4,5,5,4,4,3,6,4,6,6,4,6,3,4,4,1,2,2,2,2,2,2,5,6,6,6,6,4,4,4,4,4,5,4,4,4,4,4,4,5,4,4,4,4,3,3,3,6,1,7,5,5,2,5,2,2,2,1,1,1,1,1,1,1,5,5,3,3,3,3,3,3,3,3,1,1,3,3,5,5,5,2,2,2,2,2,5,5,5,5,2,5,5,5,5,5,4,4,4,4,5,5,5,2,2,99,22,1,1,1,1,3, ,ms026,7,3,1,4,3,3,3,2,2,3,2,3,6,3,2,1,4,3,7,3,5,2,2,2,2,3,3,7,7,7,7,7,4,7,4,7,7,3,6,6,7,7,1,7,7,7,4,4,7,7,7,7,7,7,7,7,7,7,7,1,99,3,1,1,4,2,3
109,ms,John Doe,ms027,6,7,7,6,5,5,5,6,7,4,6,6,4,3,7,6,6,6,6,7,7,6,5,5,6,6,6,5,6,6,7,6,6,6,5,6,7,7,7,6,5,3,7,7,7,6,5,6,6,7,7,7,7,7,7,7,7,7,7,7,7,5,4,4,3,6,5,5,6,6,6,7,6,6,7,7,6,6,6,6,5,5,7,7,7,6,1,7,7,1,1,6,4,7,6,6,2,3,6,6,5,7,6,5,5,6,7,6,99,1,99,3,21,1,3,1,0,1, ,ms027,6,4,3,3,5,4,6,6,5,5,4,3,1,5,3,2,6,3,3,5,2,2,2,2,2,3,2,5,5,6,5,4,3,7,7,7,6,5,5,7,7,1,2,2,3,2,2,2,5,7,5,7,6,5,3,5,3,5,4,1,99,2,1,2,4,2,3
110,fd,John Doe,fd001,7,4,1,1,3,4,1,3,2,2,3,2,5,2,4,6,4,5,4,5,4,7,1,1,1,4,5,1,4,2,1,1,3,4,4,4,4,4,6,5,5,4,4,7,7,1,3,1,4,7,7,4,4,2,4,4,4,4,4,2,5,4,1,1,1,1,2,2,2,4,4,1,1,1,4,4,1,1,3,4,1,1,5,4,7,7,2,4,4,1,3,6,1,4,4,4,1,2,3,3,1,1,4,1,1,1,5,4,4,1,99,2,23,2,3,2,0,2, ,fd001,4,4,3,3,4,3,4,3,3,4,3,4,2,3,3,3,5,5,4,4,2,3,3,3,2,2,4,6,2,2,2,4,6,7,7,6,6,6,5,6,7,4,3,4,4,5,5,6,6,7,6,5,5,4,4,4,6,6,5,1,99,2,1,1,4,1,3
111,md,John Doe,md028,7,6,4,7,7,6,5,5,6,6,5,5,4,1,6,2,4,3,4,3,3,1,1,1,2,1,2,1,5,5,7,7,6,4,5,4,4,6,5,5,6,2,7,3,4,6,5,5,7,3,1,3,7,4,3,3,2,3,3,7,5,6,7,6,6,6,5,6,7,4,3,1,5,6,1,3,6,5,3,5,1,2,7,6,7,7,7,6,6,5,6,6,7,6,6,4,1,3,2,2,2,4,3,2,2,3,4,5,4,1,99,1,19,2,2,1,0,2, ,md028,7,4,6,4,2,2,2,6,5,4,3,5,1,1,1,2,7,3,1,2,4,1,1,1,1,1,1,5,4,5,5,6,7,7,5,6,7,3,5,7,7,5,1,2,7,5,1,3,6,7,5,7,6,6,6,4,5,6,4,1,99,1,1,1,3,2,2
112,md,John Doe,md038,7,7,4,7,7,7,7,3,2,4,2,1,5,1,4,7,6,4,2,2,3,6,1,1,1,1,4,1,5,5,5,5,4,6,6,4,6,6,6,6,6,4,6,6,4,4,4,4,4,4,5,4,5,5,2,4,4,4,4,6,7,6,2,2,2,4,4,4,4,4,2,2,7,5,7,7,3,3,3,3,1,3,7,7,4,1,1,7,7,4,4,4,5,1,7,3,1,1,3,3,1,1,1,3,3,3,6,6,6,1,99,1,22,2,2,1,0,1, ,md038,1,1,5,3,1,5,7,7,7,7,4,1,1,1,2,1,1,1,5,5,7,1,2,1,2,5,1,5,1,3,3,4,4,1,1,3,3,1,3,5,5,2,2,2,5,6,4,4,7,7,5,7,3,6,7,7,7,4,7,1,99,1,1,3,4,2,3
113,md,John Doe,md057,7,7,7,7,5,7,7,7,7,7,7,7,5,4,5,5,5,6,6,6,6,3,5,5,5,5,5,6,7,7,7,7,6,3,2,4,2,2,6,3,3,3,4,2,3,4,5,5,5,4,3,3,2,4,5,3,4,3,3,4,3,3,3,2,3,4,4,4,4,4,3,3,4,5,6,6,6,6,6,6,6,6,6,6,1,1,1,7,7,4,4,4,7,7,7,7,7,7,7,7,7,7,7,6,6,6,7,7,7,1,99,2,21,2,1,1,1,2, ,md057,5,2,4,1,5,3,6,7,5,7,5,6,6,6,7,7,5,3,3,4,6,5,2,2,5,6,4,6,5,4,5,2,7,7,6,7,7,6,5,6,6,2,3,5,7,7,6,7,7,7,7,7,7,7,4,5,7,6,5,1,99,2,1,1,3,2,1
114,md,John Doe,md058,7,7,5,6,7,7,6,4,4,3,4,2,7,7,7,7,7,6,3,4,3,5,7,3,3,6,7,7,7,7,6,7,7,6,6,6,4,4,7,6,7,4,4,6,6,6,6,4,6,6,6,4,6,5,4,7,5,6,5,7,7,7,7,4,6,6,6,6,3,6,4,7,2,4,7,6,7,6,7,7,3,4,7,7,7,7,7,1,2,4,4,5,5,6,6,6,6,1,2,2,2,5,1,1,1,4,7,6,7,1,99,1,21,2,2,0,0,99, ,md058,1,1,7,7,7,6,7,4,4,1,4,4,7,7,4,4,7,6,7,4,4,1,1,1,1,1,1,7,7,7,7,6,7,7,7,6,7,7,7,7,7,1,7,7,7,6,7,7,7,7,7,7,6,7,6,6,7,7,6,1,99,1,1,1,4,2,2
115,ms,John Doe,ms999,99,99,99,99,99,99,99,99,99,99,99,99,99,99,99,99,99,99,99,99,99,99,99,99,99,99,99,99,99,99,99,99,99,99,99,99,99,99,99,99,99,99,99,99,99,99,99,99,99,99,99,99,99,99,99,99,99,99,99,99,99,99,99,99,99,99,99,99,99,99,99,99,99,99,99,99,99,99,99,99,99,99,99,99,99,99,99,99,99,99,99,99,99,99,99,99,99,99,99,99,99,99,99,99,99,99,99,99,99,99,99,99,99,99,99,99,99,99, ,ms999,6,6,6,6,6,7,7,7,6,7,5,7,1,5,3,1,7,4,4,5,4,1,5,1,1,1,3,6,4,3,4,2,6,6,6,6,4,6,6,6,6,2,1,1,1,1,1,1,1,4,4,5,6,5,7,3,3,3,3,2,4,99,1,1,4,2,3
116,ms,John Doe,ms011,7,6,5,6,6,6,4,5,5,4,5,5,5,2,3,3,3,5,4,5,5,5,4,4,4,2,4,5,5,5,6,7,6,4,3,3,3,2,2,2,2,2,4,3,5,5,5,5,5,2,2,2,1,1,2,2,2,2,2,3,3,7,6,4,4,5,5,5,5,4,3,5,3,4,3,4,3,4,3,4,2,2,6,6,2,1,1,3,5,3,3,3,4,5,4,4,3,3,4,4,4,6,5,5,4,5,6,6,5,1,99,1,21,1,2,0,0,99, ,ms011,5,5,5,2,5,3,5,5,4,4,4,4,2,4,2,4,5,5,5,5,4,3,3,2,2,2,2,5,5,5,5,5,6,6,6,7,7,6,6,6,6,3,4,5,6,5,5,6,6,6,5,6,5,6,5,5,6,6,5,1,99,1,1,3,3,2,3
